file_path,file_name,city,layer_family,layer_subfamily,source,format,size_mb,crs,geometry_type,feature_or_row_count,layer_count,readiness,issue_tags,metadata_note
output/.DS_Store,.DS_Store,none,helper,helper,derived_or_helper,NOEXT,0.011723,n/a,n/a,0,0,auxiliary,cosmetic_system_file,
output/city_buildings_gpkg/.DS_Store,.DS_Store,none,buildings,buildings_helper,building_extraction_pipeline,NOEXT,0.005863,n/a,n/a,0,0,auxiliary,cosmetic_system_file,
output/city_buildings_gpkg/ahmedabad_buildings_wards.gpkg,ahmedabad_buildings_wards.gpkg,ahmedabad,buildings,building_footprints,building_extraction_pipeline,GPKG,279.585938,EPSG:4326,MultiPolygon,945662,1,ready,,
output/city_buildings_gpkg/bengaluru_buildings_wards.gpkg,bengaluru_buildings_wards.gpkg,bengaluru,buildings,building_footprints,building_extraction_pipeline,GPKG,433.722656,EPSG:4326,MultiPolygon,1636046,1,ready,,
output/city_buildings_gpkg/chandigarh_buildings_wards.gpkg,chandigarh_buildings_wards.gpkg,chandigarh,buildings,building_footprints,building_extraction_pipeline,GPKG,42.121094,EPSG:4326,MultiPolygon,165216,1,ready,,
output/city_buildings_gpkg/chennai_buildings_wards.gpkg,chennai_buildings_wards.gpkg,chennai,buildings,building_footprints,building_extraction_pipeline,GPKG,282.152344,EPSG:4326,MultiPolygon,1102189,1,ready,,
output/city_buildings_gpkg/delhi_buildings_wards.gpkg,delhi_buildings_wards.gpkg,delhi,buildings,building_footprints,building_extraction_pipeline,GPKG,643.882812,EPSG:4326,MultiPolygon,2397674,1,ready,,
output/city_buildings_gpkg/extraction_summary.csv,extraction_summary.csv,none,buildings,buildings_manifest,building_extraction_pipeline,CSV,0.000578,n/a,table,7,0,ready,,
output/city_buildings_gpkg/kolkata_buildings_wards.gpkg,kolkata_buildings_wards.gpkg,kolkata,buildings,building_footprints,building_extraction_pipeline,GPKG,182.242188,EPSG:4326,MultiPolygon,714708,1,ready,,
output/city_buildings_gpkg/mumbai_buildings_wards.gpkg,mumbai_buildings_wards.gpkg,mumbai,buildings,building_footprints,building_extraction_pipeline,GPKG,175.539062,EPSG:4326,MultiPolygon,674141,1,ready,,
output/dem_terrain_ward_stats/.DS_Store,.DS_Store,none,dem,dem_helper,fabdem_derived,NOEXT,0.007816,n/a,n/a,0,0,auxiliary,cosmetic_system_file,
output/dem_terrain_ward_stats/city_terrain_summary.csv,city_terrain_summary.csv,none,dem,dem_stats,fabdem_derived,CSV,0.002646,n/a,table,7,0,ready,,
output/dem_terrain_ward_stats/clipped_rasters/ahmedabad_dem_clipped.tif,ahmedabad_dem_clipped.tif,ahmedabad,dem,dem_raster,fabdem_derived,TIF,1.064235,EPSG:4326,raster,753984,1,ready,,
output/dem_terrain_ward_stats/clipped_rasters/bengaluru_dem_clipped.tif,bengaluru_dem_clipped.tif,bengaluru,dem,dem_raster,fabdem_derived,TIF,1.960508,EPSG:4326,raster,1299984,1,ready,,
output/dem_terrain_ward_stats/clipped_rasters/chandigarh_dem_clipped.tif,chandigarh_dem_clipped.tif,chandigarh,dem,dem_raster,fabdem_derived,TIF,0.330717,EPSG:4326,raster,243880,1,ready,,
output/dem_terrain_ward_stats/clipped_rasters/chennai_dem_clipped.tif,chennai_dem_clipped.tif,chennai,dem,dem_raster,fabdem_derived,TIF,1.303157,EPSG:4326,raster,980469,1,ready,,
output/dem_terrain_ward_stats/clipped_rasters/delhi_dem_clipped.tif,delhi_dem_clipped.tif,delhi,dem,dem_raster,fabdem_derived,TIF,3.94754,EPSG:4326,raster,3163864,1,ready,,
output/dem_terrain_ward_stats/clipped_rasters/kolkata_dem_clipped.tif,kolkata_dem_clipped.tif,kolkata,dem,dem_raster,fabdem_derived,TIF,0.574889,EPSG:4326,raster,513117,1,ready,,
output/dem_terrain_ward_stats/clipped_rasters/mumbai_dem_clipped.tif,mumbai_dem_clipped.tif,mumbai,dem,dem_raster,fabdem_derived,TIF,1.541759,EPSG:4326,raster,998016,1,ready,,
output/dem_terrain_ward_stats/dem_terrain_manifest.csv,dem_terrain_manifest.csv,none,dem,dem_manifest,fabdem_derived,CSV,0.002929,n/a,table,7,0,helper_manifest,,
output/dem_terrain_ward_stats/per_city/ahmedabad_ward_dem_terrain_stats.csv,ahmedabad_ward_dem_terrain_stats.csv,ahmedabad,dem,dem_stats,fabdem_derived,CSV,0.017935,n/a,table,48,0,ready,,
output/dem_terrain_ward_stats/per_city/bengaluru_ward_dem_terrain_stats.csv,bengaluru_ward_dem_terrain_stats.csv,bengaluru,dem,dem_stats,fabdem_derived,CSV,0.039619,n/a,table,112,0,ready,,
output/dem_terrain_ward_stats/per_city/chandigarh_ward_dem_terrain_stats.csv,chandigarh_ward_dem_terrain_stats.csv,chandigarh,dem,dem_stats,fabdem_derived,CSV,0.009485,n/a,table,27,0,ready,,
output/dem_terrain_ward_stats/per_city/chennai_ward_dem_terrain_stats.csv,chennai_ward_dem_terrain_stats.csv,chennai,dem,dem_stats,fabdem_derived,CSV,0.060072,n/a,table,200,0,ready,,
output/dem_terrain_ward_stats/per_city/delhi_ward_dem_terrain_stats.csv,delhi_ward_dem_terrain_stats.csv,delhi,dem,dem_stats,fabdem_derived,CSV,0.083871,n/a,table,251,0,ready,,
output/dem_terrain_ward_stats/per_city/kolkata_ward_dem_terrain_stats.csv,kolkata_ward_dem_terrain_stats.csv,kolkata,dem,dem_stats,fabdem_derived,CSV,0.041844,n/a,table,141,0,ready,,
output/dem_terrain_ward_stats/per_city/mumbai_ward_dem_terrain_stats.csv,mumbai_ward_dem_terrain_stats.csv,mumbai,dem,dem_stats,fabdem_derived,CSV,0.00798,n/a,table,24,0,ready,,
output/dem_terrain_ward_stats/terrain_products/ahmedabad_aspect_deg.tif,ahmedabad_aspect_deg.tif,ahmedabad,dem,dem_raster,fabdem_derived,TIF,2.073188,EPSG:4326,raster,753984,1,ready,,
output/dem_terrain_ward_stats/terrain_products/ahmedabad_hillshade.tif,ahmedabad_hillshade.tif,ahmedabad,dem,dem_raster,fabdem_derived,TIF,1.513124,EPSG:4326,raster,753984,1,ready,,
output/dem_terrain_ward_stats/terrain_products/ahmedabad_slope_deg.tif,ahmedabad_slope_deg.tif,ahmedabad,dem,dem_raster,fabdem_derived,TIF,2.134187,EPSG:4326,raster,753984,1,ready,,
output/dem_terrain_ward_stats/terrain_products/ahmedabad_tri.tif,ahmedabad_tri.tif,ahmedabad,dem,dem_raster,fabdem_derived,TIF,2.121186,EPSG:4326,raster,753984,1,ready,,
output/dem_terrain_ward_stats/terrain_products/bengaluru_aspect_deg.tif,bengaluru_aspect_deg.tif,bengaluru,dem,dem_raster,fabdem_derived,TIF,3.22751,EPSG:4326,raster,1299984,1,ready,,
output/dem_terrain_ward_stats/terrain_products/bengaluru_hillshade.tif,bengaluru_hillshade.tif,bengaluru,dem,dem_raster,fabdem_derived,TIF,2.633966,EPSG:4326,raster,1299984,1,ready,,
output/dem_terrain_ward_stats/terrain_products/bengaluru_slope_deg.tif,bengaluru_slope_deg.tif,bengaluru,dem,dem_raster,fabdem_derived,TIF,3.302297,EPSG:4326,raster,1299984,1,ready,,
output/dem_terrain_ward_stats/terrain_products/bengaluru_tri.tif,bengaluru_tri.tif,bengaluru,dem,dem_raster,fabdem_derived,TIF,3.264558,EPSG:4326,raster,1299984,1,ready,,
output/dem_terrain_ward_stats/terrain_products/chandigarh_aspect_deg.tif,chandigarh_aspect_deg.tif,chandigarh,dem,dem_raster,fabdem_derived,TIF,0.54894,EPSG:4326,raster,243880,1,ready,,
output/dem_terrain_ward_stats/terrain_products/chandigarh_hillshade.tif,chandigarh_hillshade.tif,chandigarh,dem,dem_raster,fabdem_derived,TIF,0.429336,EPSG:4326,raster,243880,1,ready,,
output/dem_terrain_ward_stats/terrain_products/chandigarh_slope_deg.tif,chandigarh_slope_deg.tif,chandigarh,dem,dem_raster,fabdem_derived,TIF,0.569709,EPSG:4326,raster,243880,1,ready,,
output/dem_terrain_ward_stats/terrain_products/chandigarh_tri.tif,chandigarh_tri.tif,chandigarh,dem,dem_raster,fabdem_derived,TIF,0.567788,EPSG:4326,raster,243880,1,ready,,
output/dem_terrain_ward_stats/terrain_products/chennai_aspect_deg.tif,chennai_aspect_deg.tif,chennai,dem,dem_raster,fabdem_derived,TIF,1.987864,EPSG:4326,raster,980469,1,ready,,
output/dem_terrain_ward_stats/terrain_products/chennai_hillshade.tif,chennai_hillshade.tif,chennai,dem,dem_raster,fabdem_derived,TIF,1.475766,EPSG:4326,raster,980469,1,ready,,
output/dem_terrain_ward_stats/terrain_products/chennai_slope_deg.tif,chennai_slope_deg.tif,chennai,dem,dem_raster,fabdem_derived,TIF,2.016308,EPSG:4326,raster,980469,1,ready,,
output/dem_terrain_ward_stats/terrain_products/chennai_tri.tif,chennai_tri.tif,chennai,dem,dem_raster,fabdem_derived,TIF,2.002829,EPSG:4326,raster,980469,1,ready,,
output/dem_terrain_ward_stats/terrain_products/delhi_aspect_deg.tif,delhi_aspect_deg.tif,delhi,dem,dem_raster,fabdem_derived,TIF,7.34456,EPSG:4326,raster,3163864,1,ready,,
output/dem_terrain_ward_stats/terrain_products/delhi_hillshade.tif,delhi_hillshade.tif,delhi,dem,dem_raster,fabdem_derived,TIF,5.335785,EPSG:4326,raster,3163864,1,ready,,
output/dem_terrain_ward_stats/terrain_products/delhi_slope_deg.tif,delhi_slope_deg.tif,delhi,dem,dem_raster,fabdem_derived,TIF,7.530332,EPSG:4326,raster,3163864,1,ready,,
output/dem_terrain_ward_stats/terrain_products/delhi_tri.tif,delhi_tri.tif,delhi,dem,dem_raster,fabdem_derived,TIF,7.470095,EPSG:4326,raster,3163864,1,ready,,
output/dem_terrain_ward_stats/terrain_products/kolkata_aspect_deg.tif,kolkata_aspect_deg.tif,kolkata,dem,dem_raster,fabdem_derived,TIF,0.891593,EPSG:4326,raster,513117,1,ready,,
output/dem_terrain_ward_stats/terrain_products/kolkata_hillshade.tif,kolkata_hillshade.tif,kolkata,dem,dem_raster,fabdem_derived,TIF,0.647213,EPSG:4326,raster,513117,1,ready,,
output/dem_terrain_ward_stats/terrain_products/kolkata_slope_deg.tif,kolkata_slope_deg.tif,kolkata,dem,dem_raster,fabdem_derived,TIF,0.913183,EPSG:4326,raster,513117,1,ready,,
output/dem_terrain_ward_stats/terrain_products/kolkata_tri.tif,kolkata_tri.tif,kolkata,dem,dem_raster,fabdem_derived,TIF,0.915943,EPSG:4326,raster,513117,1,ready,,
output/dem_terrain_ward_stats/terrain_products/mumbai_aspect_deg.tif,mumbai_aspect_deg.tif,mumbai,dem,dem_raster,fabdem_derived,TIF,2.180451,EPSG:4326,raster,998016,1,ready,,
output/dem_terrain_ward_stats/terrain_products/mumbai_hillshade.tif,mumbai_hillshade.tif,mumbai,dem,dem_raster,fabdem_derived,TIF,1.776393,EPSG:4326,raster,998016,1,ready,,
output/dem_terrain_ward_stats/terrain_products/mumbai_slope_deg.tif,mumbai_slope_deg.tif,mumbai,dem,dem_raster,fabdem_derived,TIF,2.236238,EPSG:4326,raster,998016,1,ready,,
output/dem_terrain_ward_stats/terrain_products/mumbai_tri.tif,mumbai_tri.tif,mumbai,dem,dem_raster,fabdem_derived,TIF,2.219983,EPSG:4326,raster,998016,1,ready,,
output/dem_terrain_ward_stats/ward_dem_terrain_stats_all_cities.csv,ward_dem_terrain_stats_all_cities.csv,all_cities,dem,dem_stats,fabdem_derived,CSV,0.257637,n/a,table,803,0,ready,,
output/dist_bound/.DS_Store,.DS_Store,none,admin_district,district_boundary,admin_boundary_pipeline,NOEXT,0.009769,n/a,n/a,0,0,auxiliary,cosmetic_system_file,
output/dist_bound/ahmd_dist_bound/ahmd_dist_bound.cpg,ahmd_dist_bound.cpg,ahmedabad,admin_district,district_boundary,admin_boundary_pipeline,CPG,5e-06,n/a,n/a,0,0,auxiliary,,
output/dist_bound/ahmd_dist_bound/ahmd_dist_bound.dbf,ahmd_dist_bound.dbf,ahmedabad,admin_district,district_boundary,admin_boundary_pipeline,DBF,0.000649,n/a,n/a,0,0,auxiliary,,
output/dist_bound/ahmd_dist_bound/ahmd_dist_bound.prj,ahmd_dist_bound.prj,ahmedabad,admin_district,district_boundary,admin_boundary_pipeline,PRJ,0.000433,n/a,n/a,0,0,auxiliary,,
output/dist_bound/ahmd_dist_bound/ahmd_dist_bound.qmd,ahmd_dist_bound.qmd,ahmedabad,admin_district,district_boundary,admin_boundary_pipeline,QMD,0.000795,n/a,n/a,0,0,auxiliary,,
output/dist_bound/ahmd_dist_bound/ahmd_dist_bound.shp,ahmd_dist_bound.shp,ahmedabad,admin_district,district_boundary,admin_boundary_pipeline,SHP,0.263447,LCC_WGS84 (projected),Polygon Z,1,1,ready,non_wgs84_crs,
output/dist_bound/ahmd_dist_bound/ahmd_dist_bound.shx,ahmd_dist_bound.shx,ahmedabad,admin_district,district_boundary,admin_boundary_pipeline,SHX,0.000103,n/a,n/a,0,0,auxiliary,,
output/dist_bound/beng(u)_dist_bound/beng(u)_dist_bound.cpg,beng(u)_dist_bound.cpg,bengaluru,admin_district,district_boundary,admin_boundary_pipeline,CPG,5e-06,n/a,n/a,0,0,auxiliary,,
output/dist_bound/beng(u)_dist_bound/beng(u)_dist_bound.dbf,beng(u)_dist_bound.dbf,bengaluru,admin_district,district_boundary,admin_boundary_pipeline,DBF,0.000649,n/a,n/a,0,0,auxiliary,,
output/dist_bound/beng(u)_dist_bound/beng(u)_dist_bound.prj,beng(u)_dist_bound.prj,bengaluru,admin_district,district_boundary,admin_boundary_pipeline,PRJ,0.000433,n/a,n/a,0,0,auxiliary,,
output/dist_bound/beng(u)_dist_bound/beng(u)_dist_bound.qmd,beng(u)_dist_bound.qmd,bengaluru,admin_district,district_boundary,admin_boundary_pipeline,QMD,0.001065,n/a,n/a,0,0,auxiliary,,
output/dist_bound/beng(u)_dist_bound/beng(u)_dist_bound.shp,beng(u)_dist_bound.shp,bengaluru,admin_district,district_boundary,admin_boundary_pipeline,SHP,0.173294,LCC_WGS84 (projected),Polygon Z,1,1,ready,non_wgs84_crs,
output/dist_bound/beng(u)_dist_bound/beng(u)_dist_bound.shx,beng(u)_dist_bound.shx,bengaluru,admin_district,district_boundary,admin_boundary_pipeline,SHX,0.000103,n/a,n/a,0,0,auxiliary,,
output/dist_bound/canonical_epsg4326/ahmedabad_dist_bound.gpkg,ahmedabad_dist_bound.gpkg,ahmedabad,admin_district,district_boundary_canonical,admin_boundary_pipeline,GPKG,0.363281,EPSG:4326,Polygon Z,1,1,ready,,
output/dist_bound/canonical_epsg4326/bengaluru_dist_bound.gpkg,bengaluru_dist_bound.gpkg,bengaluru,admin_district,district_boundary_canonical,admin_boundary_pipeline,GPKG,0.273438,EPSG:4326,Polygon Z,1,1,ready,,
output/dist_bound/canonical_epsg4326/chandigarh_dist_bound.gpkg,chandigarh_dist_bound.gpkg,chandigarh,admin_district,district_boundary_canonical,admin_boundary_pipeline,GPKG,0.15625,EPSG:4326,Polygon Z,1,1,ready,,
output/dist_bound/canonical_epsg4326/chennai_dist_bound.gpkg,chennai_dist_bound.gpkg,chennai,admin_district,district_boundary_canonical,admin_boundary_pipeline,GPKG,0.136719,EPSG:4326,Polygon Z,1,1,ready,,
output/dist_bound/canonical_epsg4326/delhi_dist_bound.gpkg,delhi_dist_bound.gpkg,delhi,admin_district,district_boundary_canonical,admin_boundary_pipeline,GPKG,0.71875,EPSG:4326,Polygon Z,12,1,ready,,
output/dist_bound/canonical_epsg4326/kolkata_dist_bound.gpkg,kolkata_dist_bound.gpkg,kolkata,admin_district,district_boundary_canonical,admin_boundary_pipeline,GPKG,0.132812,EPSG:4326,Polygon Z,1,1,ready,,
output/dist_bound/canonical_epsg4326/mumbai_dist_bound.gpkg,mumbai_dist_bound.gpkg,mumbai,admin_district,district_boundary_canonical,admin_boundary_pipeline,GPKG,0.144531,EPSG:4326,Polygon Z,2,1,ready,,
output/dist_bound/chd_dist_bound/chd_dist_bound.cpg,chd_dist_bound.cpg,chandigarh,admin_district,district_boundary,admin_boundary_pipeline,CPG,5e-06,n/a,n/a,0,0,auxiliary,,
output/dist_bound/chd_dist_bound/chd_dist_bound.dbf,chd_dist_bound.dbf,chandigarh,admin_district,district_boundary,admin_boundary_pipeline,DBF,0.000649,n/a,n/a,0,0,auxiliary,,
output/dist_bound/chd_dist_bound/chd_dist_bound.prj,chd_dist_bound.prj,chandigarh,admin_district,district_boundary,admin_boundary_pipeline,PRJ,0.000433,n/a,n/a,0,0,auxiliary,,
output/dist_bound/chd_dist_bound/chd_dist_bound.qmd,chd_dist_bound.qmd,chandigarh,admin_district,district_boundary,admin_boundary_pipeline,QMD,0.000795,n/a,n/a,0,0,auxiliary,,
output/dist_bound/chd_dist_bound/chd_dist_bound.shp,chd_dist_bound.shp,chandigarh,admin_district,district_boundary,admin_boundary_pipeline,SHP,0.056423,LCC_WGS84 (projected),Polygon Z,1,1,ready,non_wgs84_crs,
output/dist_bound/chd_dist_bound/chd_dist_bound.shx,chd_dist_bound.shx,chandigarh,admin_district,district_boundary,admin_boundary_pipeline,SHX,0.000103,n/a,n/a,0,0,auxiliary,,
output/dist_bound/chen_dist_bound/chen_dist_bound.cpg,chen_dist_bound.cpg,chennai,admin_district,district_boundary,admin_boundary_pipeline,CPG,5e-06,n/a,n/a,0,0,auxiliary,,
output/dist_bound/chen_dist_bound/chen_dist_bound.dbf,chen_dist_bound.dbf,chennai,admin_district,district_boundary,admin_boundary_pipeline,DBF,0.000649,n/a,n/a,0,0,auxiliary,,
output/dist_bound/chen_dist_bound/chen_dist_bound.prj,chen_dist_bound.prj,chennai,admin_district,district_boundary,admin_boundary_pipeline,PRJ,0.000433,n/a,n/a,0,0,auxiliary,,
output/dist_bound/chen_dist_bound/chen_dist_bound.qmd,chen_dist_bound.qmd,chennai,admin_district,district_boundary,admin_boundary_pipeline,QMD,0.001065,n/a,n/a,0,0,auxiliary,,
output/dist_bound/chen_dist_bound/chen_dist_bound.shp,chen_dist_bound.shp,chennai,admin_district,district_boundary,admin_boundary_pipeline,SHP,0.038322,LCC_WGS84 (projected),Polygon Z,1,1,ready,non_wgs84_crs,
output/dist_bound/chen_dist_bound/chen_dist_bound.shx,chen_dist_bound.shx,chennai,admin_district,district_boundary,admin_boundary_pipeline,SHX,0.000103,n/a,n/a,0,0,auxiliary,,
output/dist_bound/delhi_dist_bound/delhi_dist_bound.cpg,delhi_dist_bound.cpg,delhi,admin_district,district_boundary,admin_boundary_pipeline,CPG,5e-06,n/a,n/a,0,0,auxiliary,,
output/dist_bound/delhi_dist_bound/delhi_dist_bound.dbf,delhi_dist_bound.dbf,delhi,admin_district,district_boundary,admin_boundary_pipeline,DBF,0.004416,n/a,n/a,0,0,auxiliary,,
output/dist_bound/delhi_dist_bound/delhi_dist_bound.prj,delhi_dist_bound.prj,delhi,admin_district,district_boundary,admin_boundary_pipeline,PRJ,0.000433,n/a,n/a,0,0,auxiliary,,
output/dist_bound/delhi_dist_bound/delhi_dist_bound.qmd,delhi_dist_bound.qmd,delhi,admin_district,district_boundary,admin_boundary_pipeline,QMD,0.000795,n/a,n/a,0,0,auxiliary,,
output/dist_bound/delhi_dist_bound/delhi_dist_bound.shp,delhi_dist_bound.shp,delhi,admin_district,district_boundary,admin_boundary_pipeline,SHP,0.60751,LCC_WGS84 (projected),Polygon Z,12,1,ready,non_wgs84_crs,
output/dist_bound/delhi_dist_bound/delhi_dist_bound.shx,delhi_dist_bound.shx,delhi,admin_district,district_boundary,admin_boundary_pipeline,SHX,0.000187,n/a,n/a,0,0,auxiliary,,
output/dist_bound/kol_dist_bound/kol_dist_bound.cpg,kol_dist_bound.cpg,kolkata,admin_district,district_boundary,admin_boundary_pipeline,CPG,5e-06,n/a,n/a,0,0,auxiliary,,
output/dist_bound/kol_dist_bound/kol_dist_bound.dbf,kol_dist_bound.dbf,kolkata,admin_district,district_boundary,admin_boundary_pipeline,DBF,0.000649,n/a,n/a,0,0,auxiliary,,
output/dist_bound/kol_dist_bound/kol_dist_bound.prj,kol_dist_bound.prj,kolkata,admin_district,district_boundary,admin_boundary_pipeline,PRJ,0.000433,n/a,n/a,0,0,auxiliary,,
output/dist_bound/kol_dist_bound/kol_dist_bound.qmd,kol_dist_bound.qmd,kolkata,admin_district,district_boundary,admin_boundary_pipeline,QMD,0.001065,n/a,n/a,0,0,auxiliary,,
output/dist_bound/kol_dist_bound/kol_dist_bound.shp,kol_dist_bound.shp,kolkata,admin_district,district_boundary,admin_boundary_pipeline,SHP,0.031887,LCC_WGS84 (projected),Polygon Z,1,1,ready,non_wgs84_crs,
output/dist_bound/kol_dist_bound/kol_dist_bound.shx,kol_dist_bound.shx,kolkata,admin_district,district_boundary,admin_boundary_pipeline,SHX,0.000103,n/a,n/a,0,0,auxiliary,,
output/dist_bound/mum_dist_bound/mum_dist_bound.cpg,mum_dist_bound.cpg,mumbai,admin_district,district_boundary,admin_boundary_pipeline,CPG,5e-06,n/a,n/a,0,0,auxiliary,,
output/dist_bound/mum_dist_bound/mum_dist_bound.dbf,mum_dist_bound.dbf,mumbai,admin_district,district_boundary,admin_boundary_pipeline,DBF,0.000992,n/a,n/a,0,0,auxiliary,,
output/dist_bound/mum_dist_bound/mum_dist_bound.prj,mum_dist_bound.prj,mumbai,admin_district,district_boundary,admin_boundary_pipeline,PRJ,0.000433,n/a,n/a,0,0,auxiliary,,
output/dist_bound/mum_dist_bound/mum_dist_bound.qmd,mum_dist_bound.qmd,mumbai,admin_district,district_boundary,admin_boundary_pipeline,QMD,0.001065,n/a,n/a,0,0,auxiliary,,
output/dist_bound/mum_dist_bound/mum_dist_bound.shp,mum_dist_bound.shp,mumbai,admin_district,district_boundary,admin_boundary_pipeline,SHP,0.046364,LCC_WGS84 (projected),Polygon Z,2,1,ready,non_wgs84_crs,
output/dist_bound/mum_dist_bound/mum_dist_bound.shx,mum_dist_bound.shx,mumbai,admin_district,district_boundary,admin_boundary_pipeline,SHX,0.000111,n/a,n/a,0,0,auxiliary,,
output/lulc_ward_stats_fullrun/.DS_Store,.DS_Store,none,lulc,lulc_helper,esri_s2_lulc_2024,NOEXT,0.007816,n/a,n/a,0,0,auxiliary,cosmetic_system_file,
output/lulc_ward_stats_fullrun/clipped_rasters/ahmedabad_20240101-20241231_lulc_clipped.tif,ahmedabad_20240101-20241231_lulc_clipped.tif,ahmedabad,lulc,lulc_raster,esri_s2_lulc_2024,TIF,0.138825,EPSG:32643,raster,6587896,1,ready,non_wgs84_crs,
output/lulc_ward_stats_fullrun/clipped_rasters/ahmedabad_20240101-20241231_lulc_clipped.tif.aux.xml,ahmedabad_20240101-20241231_lulc_clipped.tif.aux.xml,ahmedabad,lulc,lulc_raster,esri_s2_lulc_2024,XML,0.00039,n/a,n/a,0,0,auxiliary,,
output/lulc_ward_stats_fullrun/clipped_rasters/bengaluru_20240101-20241231_lulc_clipped.tif,bengaluru_20240101-20241231_lulc_clipped.tif,bengaluru,lulc,lulc_raster,esri_s2_lulc_2024,TIF,0.201161,EPSG:32643,raster,12017973,1,ready,non_wgs84_crs,
output/lulc_ward_stats_fullrun/clipped_rasters/bengaluru_20240101-20241231_lulc_clipped.tif.aux.xml,bengaluru_20240101-20241231_lulc_clipped.tif.aux.xml,bengaluru,lulc,lulc_raster,esri_s2_lulc_2024,XML,0.00039,n/a,n/a,0,0,auxiliary,,
output/lulc_ward_stats_fullrun/clipped_rasters/chandigarh_20240101-20241231_lulc_clipped.tif,chandigarh_20240101-20241231_lulc_clipped.tif,chandigarh,lulc,lulc_raster,esri_s2_lulc_2024,TIF,0.048387,EPSG:32643,raster,1990296,1,ready,non_wgs84_crs,
output/lulc_ward_stats_fullrun/clipped_rasters/chandigarh_20240101-20241231_lulc_clipped.tif.aux.xml,chandigarh_20240101-20241231_lulc_clipped.tif.aux.xml,chandigarh,lulc,lulc_raster,esri_s2_lulc_2024,XML,0.000389,n/a,n/a,0,0,auxiliary,,
output/lulc_ward_stats_fullrun/clipped_rasters/chennai_20240101-20241231_lulc_clipped.tif,chennai_20240101-20241231_lulc_clipped.tif,chennai,lulc,lulc_raster,esri_s2_lulc_2024,TIF,0.17616,EPSG:32644,raster,9081872,1,ready,non_wgs84_crs,
output/lulc_ward_stats_fullrun/clipped_rasters/chennai_20240101-20241231_lulc_clipped.tif.aux.xml,chennai_20240101-20241231_lulc_clipped.tif.aux.xml,chennai,lulc,lulc_raster,esri_s2_lulc_2024,XML,0.000389,n/a,n/a,0,0,auxiliary,,
output/lulc_ward_stats_fullrun/clipped_rasters/delhi_20240101-20241231_lulc_clipped.tif,delhi_20240101-20241231_lulc_clipped.tif,delhi,lulc,lulc_raster,esri_s2_lulc_2024,TIF,0.491611,EPSG:32643,raster,26416448,1,ready,non_wgs84_crs,
output/lulc_ward_stats_fullrun/clipped_rasters/delhi_20240101-20241231_lulc_clipped.tif.aux.xml,delhi_20240101-20241231_lulc_clipped.tif.aux.xml,delhi,lulc,lulc_raster,esri_s2_lulc_2024,XML,0.00039,n/a,n/a,0,0,auxiliary,,
output/lulc_ward_stats_fullrun/clipped_rasters/kolkata_20240101-20241231_lulc_clipped.tif,kolkata_20240101-20241231_lulc_clipped.tif,kolkata,lulc,lulc_raster,esri_s2_lulc_2024,TIF,0.067028,EPSG:32645,raster,4506194,1,ready,non_wgs84_crs,
output/lulc_ward_stats_fullrun/clipped_rasters/kolkata_20240101-20241231_lulc_clipped.tif.aux.xml,kolkata_20240101-20241231_lulc_clipped.tif.aux.xml,kolkata,lulc,lulc_raster,esri_s2_lulc_2024,XML,0.00039,n/a,n/a,0,0,auxiliary,,
output/lulc_ward_stats_fullrun/clipped_rasters/mumbai_20240101-20241231_lulc_clipped.tif,mumbai_20240101-20241231_lulc_clipped.tif,mumbai,lulc,lulc_raster,esri_s2_lulc_2024,TIF,0.207943,EPSG:32643,raster,8904419,1,ready,non_wgs84_crs,
output/lulc_ward_stats_fullrun/clipped_rasters/mumbai_20240101-20241231_lulc_clipped.tif.aux.xml,mumbai_20240101-20241231_lulc_clipped.tif.aux.xml,mumbai,lulc,lulc_raster,esri_s2_lulc_2024,XML,0.000389,n/a,n/a,0,0,auxiliary,,
output/lulc_ward_stats_fullrun/per_city/ahmedabad_ward_lulc_stats.csv,ahmedabad_ward_lulc_stats.csv,ahmedabad,lulc,lulc_stats,esri_s2_lulc_2024,CSV,0.005868,n/a,table,48,0,ready,,
output/lulc_ward_stats_fullrun/per_city/bengaluru_ward_lulc_stats.csv,bengaluru_ward_lulc_stats.csv,bengaluru,lulc,lulc_stats,esri_s2_lulc_2024,CSV,0.012411,n/a,table,112,0,ready,,
output/lulc_ward_stats_fullrun/per_city/chandigarh_ward_lulc_stats.csv,chandigarh_ward_lulc_stats.csv,chandigarh,lulc,lulc_stats,esri_s2_lulc_2024,CSV,0.003318,n/a,table,27,0,ready,,
output/lulc_ward_stats_fullrun/per_city/chennai_ward_lulc_stats.csv,chennai_ward_lulc_stats.csv,chennai,lulc,lulc_stats,esri_s2_lulc_2024,CSV,0.02066,n/a,table,200,0,ready,,
output/lulc_ward_stats_fullrun/per_city/delhi_ward_lulc_stats.csv,delhi_ward_lulc_stats.csv,delhi,lulc,lulc_stats,esri_s2_lulc_2024,CSV,0.025887,n/a,table,251,0,ready,,
output/lulc_ward_stats_fullrun/per_city/kolkata_ward_lulc_stats.csv,kolkata_ward_lulc_stats.csv,kolkata,lulc,lulc_stats,esri_s2_lulc_2024,CSV,0.013875,n/a,table,141,0,ready,,
output/lulc_ward_stats_fullrun/per_city/mumbai_ward_lulc_stats.csv,mumbai_ward_lulc_stats.csv,mumbai,lulc,lulc_stats,esri_s2_lulc_2024,CSV,0.003269,n/a,table,24,0,ready,,
output/lulc_ward_stats_fullrun/ward_lulc_stats_all_cities.csv,ward_lulc_stats_all_cities.csv,all_cities,lulc,lulc_stats,esri_s2_lulc_2024,CSV,0.083057,n/a,table,803,0,ready,,
output/open_spaces_osm/.DS_Store,.DS_Store,none,open_spaces,open_spaces,osm,NOEXT,0.005863,n/a,n/a,0,0,auxiliary,cosmetic_system_file,
output/open_spaces_osm/gpkg/ahmedabad_open_spaces.gpkg,ahmedabad_open_spaces.gpkg,ahmedabad,open_spaces,open_spaces,osm,GPKG,3.503906,EPSG:4326,LineString|MultiLineString|Point|Polygon|Unknown,6263,12,needs_review,unknown_geometry_type,
output/open_spaces_osm/gpkg/all_cities_open_spaces.gpkg,all_cities_open_spaces.gpkg,all_cities,open_spaces,open_spaces,osm,GPKG,70.71875,EPSG:4326,MultiLineString Z|MultiPolygon Z|Point|Unknown,125861,11,needs_review,unknown_geometry_type,
output/open_spaces_osm/gpkg/bengaluru_open_spaces.gpkg,bengaluru_open_spaces.gpkg,bengaluru,open_spaces,open_spaces,osm,GPKG,22.742188,EPSG:4326,LineString|MultiLineString|MultiPolygon|Point|Polygon|Unknown,47451,12,needs_review,unknown_geometry_type,
output/open_spaces_osm/gpkg/chandigarh_open_spaces.gpkg,chandigarh_open_spaces.gpkg,chandigarh,open_spaces,open_spaces,osm,GPKG,1.648438,EPSG:4326,MultiLineString|MultiPolygon|Point|Polygon|Unknown,2527,12,needs_review,unknown_geometry_type,
output/open_spaces_osm/gpkg/chennai_open_spaces.gpkg,chennai_open_spaces.gpkg,chennai,open_spaces,open_spaces,osm,GPKG,8.125,EPSG:4326,MultiLineString Z|MultiPolygon Z|Point|Polygon Z|Unknown,9520,12,needs_review,unknown_geometry_type,
output/open_spaces_osm/gpkg/delhi_open_spaces.gpkg,delhi_open_spaces.gpkg,delhi,open_spaces,open_spaces,osm,GPKG,21.0,EPSG:4326,MultiLineString|MultiPolygon|Point|Polygon|Unknown,32700,12,needs_review,unknown_geometry_type,
output/open_spaces_osm/gpkg/kolkata_open_spaces.gpkg,kolkata_open_spaces.gpkg,kolkata,open_spaces,open_spaces,osm,GPKG,6.191406,EPSG:4326,MultiLineString Z|MultiPolygon Z|Point|Unknown,5796,12,needs_review,unknown_geometry_type,
output/open_spaces_osm/gpkg/mumbai_open_spaces.gpkg,mumbai_open_spaces.gpkg,mumbai,open_spaces,open_spaces,osm,GPKG,10.351562,EPSG:4326,MultiLineString|MultiPolygon|Point|Polygon|Unknown,21611,12,needs_review,unknown_geometry_type,
output/open_spaces_osm/open_spaces_manifest.csv,open_spaces_manifest.csv,none,open_spaces,open_spaces_manifest,osm,CSV,0.011588,n/a,table,70,0,helper_manifest,,
output/open_spaces_osm/parquet/.DS_Store,.DS_Store,none,open_spaces,open_spaces,osm,NOEXT,0.007816,n/a,n/a,0,0,auxiliary,cosmetic_system_file,
output/open_spaces_osm/parquet/ahmedabad/coastal_marine_edges.parquet,coastal_marine_edges.parquet,ahmedabad,open_spaces,open_spaces,osm,PARQUET,0.024852,EPSG:4326,LineString,1,1,ready,,
output/open_spaces_osm/parquet/ahmedabad/green_parks_vegetation.parquet,green_parks_vegetation.parquet,ahmedabad,open_spaces,open_spaces,osm,PARQUET,0.257286,EPSG:4326,LineString|MultiPolygon|Point|Polygon,1936,1,ready,,
output/open_spaces_osm/parquet/ahmedabad/open_barren_sands_rocky.parquet,open_barren_sands_rocky.parquet,ahmedabad,open_spaces,open_spaces,osm,PARQUET,0.045091,EPSG:4326,LineString|MultiLineString|MultiPolygon|Point|Polygon,149,1,ready,,
output/open_spaces_osm/parquet/ahmedabad/open_space_master.parquet,open_space_master.parquet,ahmedabad,open_spaces,open_spaces,osm,PARQUET,0.407205,EPSG:4326,LineString|MultiLineString|MultiPolygon|Point|Polygon,3051,1,ready,,
output/open_spaces_osm/parquet/ahmedabad/other_open_landuse.parquet,other_open_landuse.parquet,ahmedabad,open_spaces,open_spaces,osm,PARQUET,0.058556,EPSG:4326,Polygon,147,1,ready,,
output/open_spaces_osm/parquet/ahmedabad/plazas_open_paved.parquet,plazas_open_paved.parquet,ahmedabad,open_spaces,open_spaces,osm,PARQUET,0.036927,EPSG:4326,Polygon,11,1,ready,,
output/open_spaces_osm/parquet/ahmedabad/sports_play_open.parquet,sports_play_open.parquet,ahmedabad,open_spaces,open_spaces,osm,PARQUET,0.066192,EPSG:4326,LineString|MultiPolygon|Point|Polygon,211,1,ready,,
output/open_spaces_osm/parquet/ahmedabad/trees.parquet,trees.parquet,ahmedabad,open_spaces,open_spaces,osm,PARQUET,0.035233,EPSG:4326,Point,498,1,ready,,
output/open_spaces_osm/parquet/ahmedabad/water_wetlands.parquet,water_wetlands.parquet,ahmedabad,open_spaces,open_spaces,osm,PARQUET,0.075807,EPSG:4326,MultiPolygon|Point|Polygon,112,1,ready,,
output/open_spaces_osm/parquet/ahmedabad/waterways_linear.parquet,waterways_linear.parquet,ahmedabad,open_spaces,open_spaces,osm,PARQUET,0.042301,EPSG:4326,LineString|MultiLineString,98,1,ready,,
output/open_spaces_osm/parquet/all_cities/coastal_marine_edges.parquet,coastal_marine_edges.parquet,all_cities,open_spaces,open_spaces,osm,PARQUET,0.075592,EPSG:4326,LineString|LineString Z|MultiLineString|MultiLineString Z|MultiPolygon Z|Polygon|Polygon Z,155,1,ready,,
output/open_spaces_osm/parquet/all_cities/green_parks_vegetation.parquet,green_parks_vegetation.parquet,all_cities,open_spaces,open_spaces,osm,PARQUET,3.306428,EPSG:4326,LineString|LineString Z|MultiLineString|MultiLineString Z|MultiPolygon|MultiPolygon Z|Point|Polygon|Polygon Z,21478,1,ready,,
output/open_spaces_osm/parquet/all_cities/open_barren_sands_rocky.parquet,open_barren_sands_rocky.parquet,all_cities,open_spaces,open_spaces,osm,PARQUET,0.497153,EPSG:4326,LineString|LineString Z|MultiLineString|MultiLineString Z|MultiPolygon|MultiPolygon Z|Point|Polygon|Polygon Z,2829,1,ready,,
output/open_spaces_osm/parquet/all_cities/open_space_master.parquet,open_space_master.parquet,all_cities,open_spaces,open_spaces,osm,PARQUET,7.704151,EPSG:4326,LineString|LineString Z|MultiLineString|MultiLineString Z|MultiPolygon|MultiPolygon Z|Point|Polygon|Polygon Z,60517,1,ready,,
output/open_spaces_osm/parquet/all_cities/other_open_landuse.parquet,other_open_landuse.parquet,all_cities,open_spaces,open_spaces,osm,PARQUET,0.903314,EPSG:4326,MultiPolygon|MultiPolygon Z|Point|Polygon|Polygon Z,5486,1,ready,,
output/open_spaces_osm/parquet/all_cities/plazas_open_paved.parquet,plazas_open_paved.parquet,all_cities,open_spaces,open_spaces,osm,PARQUET,0.166414,EPSG:4326,MultiPolygon Z|Polygon|Polygon Z,586,1,ready,,
output/open_spaces_osm/parquet/all_cities/sports_play_open.parquet,sports_play_open.parquet,all_cities,open_spaces,open_spaces,osm,PARQUET,0.660556,EPSG:4326,LineString|LineString Z|MultiLineString|MultiPolygon|MultiPolygon Z|Point|Polygon|Polygon Z,5731,1,ready,,
output/open_spaces_osm/parquet/all_cities/trees.parquet,trees.parquet,all_cities,open_spaces,open_spaces,osm,PARQUET,0.46668,EPSG:4326,Point,18691,1,ready,,
output/open_spaces_osm/parquet/all_cities/water_wetlands.parquet,water_wetlands.parquet,all_cities,open_spaces,open_spaces,osm,PARQUET,1.784967,EPSG:4326,LineString|LineString Z|MultiPolygon|MultiPolygon Z|Point|Polygon|Polygon Z,5214,1,ready,,
output/open_spaces_osm/parquet/all_cities/waterways_linear.parquet,waterways_linear.parquet,all_cities,open_spaces,open_spaces,osm,PARQUET,0.63623,EPSG:4326,LineString|LineString Z|MultiLineString|MultiLineString Z,4371,1,ready,,
output/open_spaces_osm/parquet/bengaluru/coastal_marine_edges.parquet,coastal_marine_edges.parquet,bengaluru,open_spaces,open_spaces,osm,PARQUET,0.024572,EPSG:4326,LineString,1,1,ready,,
output/open_spaces_osm/parquet/bengaluru/green_parks_vegetation.parquet,green_parks_vegetation.parquet,bengaluru,open_spaces,open_spaces,osm,PARQUET,1.229562,EPSG:4326,LineString|MultiLineString|MultiPolygon|Point|Polygon,7689,1,ready,,
output/open_spaces_osm/parquet/bengaluru/open_barren_sands_rocky.parquet,open_barren_sands_rocky.parquet,bengaluru,open_spaces,open_spaces,osm,PARQUET,0.29971,EPSG:4326,LineString|MultiPolygon|Point|Polygon,1579,1,ready,,
output/open_spaces_osm/parquet/bengaluru/open_space_master.parquet,open_space_master.parquet,bengaluru,open_spaces,open_spaces,osm,PARQUET,2.725061,EPSG:4326,LineString|MultiLineString|MultiPolygon|Point|Polygon,22826,1,ready,,
output/open_spaces_osm/parquet/bengaluru/other_open_landuse.parquet,other_open_landuse.parquet,bengaluru,open_spaces,open_spaces,osm,PARQUET,0.266961,EPSG:4326,MultiPolygon|Point|Polygon,1334,1,ready,,
output/open_spaces_osm/parquet/bengaluru/plazas_open_paved.parquet,plazas_open_paved.parquet,bengaluru,open_spaces,open_spaces,osm,PARQUET,0.094299,EPSG:4326,Polygon,246,1,ready,,
output/open_spaces_osm/parquet/bengaluru/sports_play_open.parquet,sports_play_open.parquet,bengaluru,open_spaces,open_spaces,osm,PARQUET,0.269581,EPSG:4326,LineString|MultiLineString|MultiPolygon|Point|Polygon,2525,1,ready,,
output/open_spaces_osm/parquet/bengaluru/trees.parquet,trees.parquet,bengaluru,open_spaces,open_spaces,osm,PARQUET,0.209319,EPSG:4326,Point,7995,1,ready,,
output/open_spaces_osm/parquet/bengaluru/water_wetlands.parquet,water_wetlands.parquet,bengaluru,open_spaces,open_spaces,osm,PARQUET,0.437166,EPSG:4326,LineString|MultiPolygon|Point|Polygon,1025,1,ready,,
output/open_spaces_osm/parquet/bengaluru/waterways_linear.parquet,waterways_linear.parquet,bengaluru,open_spaces,open_spaces,osm,PARQUET,0.286965,EPSG:4326,LineString|MultiLineString,2118,1,ready,,
output/open_spaces_osm/parquet/chandigarh/coastal_marine_edges.parquet,coastal_marine_edges.parquet,chandigarh,open_spaces,open_spaces,osm,PARQUET,0.025114,EPSG:4326,Polygon,2,1,ready,,
output/open_spaces_osm/parquet/chandigarh/green_parks_vegetation.parquet,green_parks_vegetation.parquet,chandigarh,open_spaces,open_spaces,osm,PARQUET,0.151537,EPSG:4326,MultiPolygon|Point|Polygon,1045,1,ready,,
output/open_spaces_osm/parquet/chandigarh/open_barren_sands_rocky.parquet,open_barren_sands_rocky.parquet,chandigarh,open_spaces,open_spaces,osm,PARQUET,0.027215,EPSG:4326,LineString|Polygon,11,1,ready,,
output/open_spaces_osm/parquet/chandigarh/open_space_master.parquet,open_space_master.parquet,chandigarh,open_spaces,open_spaces,osm,PARQUET,0.192189,EPSG:4326,LineString|MultiLineString|MultiPolygon|Point|Polygon,1197,1,ready,,
output/open_spaces_osm/parquet/chandigarh/other_open_landuse.parquet,other_open_landuse.parquet,chandigarh,open_spaces,open_spaces,osm,PARQUET,0.031782,EPSG:4326,MultiPolygon|Polygon,13,1,ready,,
output/open_spaces_osm/parquet/chandigarh/plazas_open_paved.parquet,plazas_open_paved.parquet,chandigarh,open_spaces,open_spaces,osm,PARQUET,0.035267,EPSG:4326,Polygon,28,1,ready,,
output/open_spaces_osm/parquet/chandigarh/sports_play_open.parquet,sports_play_open.parquet,chandigarh,open_spaces,open_spaces,osm,PARQUET,0.040331,EPSG:4326,LineString|Point|Polygon,125,1,ready,,
output/open_spaces_osm/parquet/chandigarh/trees.parquet,trees.parquet,chandigarh,open_spaces,open_spaces,osm,PARQUET,0.024811,EPSG:4326,Point,19,1,ready,,
output/open_spaces_osm/parquet/chandigarh/water_wetlands.parquet,water_wetlands.parquet,chandigarh,open_spaces,open_spaces,osm,PARQUET,0.043632,EPSG:4326,Polygon,43,1,ready,,
output/open_spaces_osm/parquet/chandigarh/waterways_linear.parquet,waterways_linear.parquet,chandigarh,open_spaces,open_spaces,osm,PARQUET,0.040319,EPSG:4326,LineString|MultiLineString,16,1,ready,,
output/open_spaces_osm/parquet/chennai/coastal_marine_edges.parquet,coastal_marine_edges.parquet,chennai,open_spaces,open_spaces,osm,PARQUET,0.04061,EPSG:4326,LineString Z|MultiLineString Z|MultiPolygon Z|Polygon Z,45,1,ready,,
output/open_spaces_osm/parquet/chennai/green_parks_vegetation.parquet,green_parks_vegetation.parquet,chennai,open_spaces,open_spaces,osm,PARQUET,0.238734,EPSG:4326,LineString Z|MultiLineString Z|MultiPolygon Z|Point|Polygon Z,1246,1,ready,,
output/open_spaces_osm/parquet/chennai/open_barren_sands_rocky.parquet,open_barren_sands_rocky.parquet,chennai,open_spaces,open_spaces,osm,PARQUET,0.065504,EPSG:4326,LineString Z|MultiLineString Z|MultiPolygon Z|Point|Polygon Z,163,1,ready,,
output/open_spaces_osm/parquet/chennai/open_space_master.parquet,open_space_master.parquet,chennai,open_spaces,open_spaces,osm,PARQUET,0.759806,EPSG:4326,LineString Z|MultiLineString Z|MultiPolygon Z|Point|Polygon Z,4504,1,ready,,
output/open_spaces_osm/parquet/chennai/other_open_landuse.parquet,other_open_landuse.parquet,chennai,open_spaces,open_spaces,osm,PARQUET,0.133018,EPSG:4326,MultiPolygon Z|Point|Polygon Z,424,1,ready,,
output/open_spaces_osm/parquet/chennai/plazas_open_paved.parquet,plazas_open_paved.parquet,chennai,open_spaces,open_spaces,osm,PARQUET,0.03853,EPSG:4326,MultiPolygon Z|Polygon Z,53,1,ready,,
output/open_spaces_osm/parquet/chennai/sports_play_open.parquet,sports_play_open.parquet,chennai,open_spaces,open_spaces,osm,PARQUET,0.086835,EPSG:4326,LineString Z|MultiPolygon Z|Point|Polygon Z,441,1,ready,,
output/open_spaces_osm/parquet/chennai/trees.parquet,trees.parquet,chennai,open_spaces,open_spaces,osm,PARQUET,0.058557,EPSG:4326,Point,1507,1,ready,,
output/open_spaces_osm/parquet/chennai/water_wetlands.parquet,water_wetlands.parquet,chennai,open_spaces,open_spaces,osm,PARQUET,0.286233,EPSG:4326,MultiPolygon Z|Polygon Z,623,1,ready,,
output/open_spaces_osm/parquet/chennai/waterways_linear.parquet,waterways_linear.parquet,chennai,open_spaces,open_spaces,osm,PARQUET,0.083237,EPSG:4326,LineString Z|MultiLineString Z,313,1,ready,,
output/open_spaces_osm/parquet/delhi/coastal_marine_edges.parquet,coastal_marine_edges.parquet,delhi,open_spaces,open_spaces,osm,PARQUET,0.026003,EPSG:4326,LineString|Polygon,3,1,ready,,
output/open_spaces_osm/parquet/delhi/green_parks_vegetation.parquet,green_parks_vegetation.parquet,delhi,open_spaces,open_spaces,osm,PARQUET,1.010386,EPSG:4326,LineString|MultiPolygon|Point|Polygon,6457,1,ready,,
output/open_spaces_osm/parquet/delhi/open_barren_sands_rocky.parquet,open_barren_sands_rocky.parquet,delhi,open_spaces,open_spaces,osm,PARQUET,0.094619,EPSG:4326,LineString|MultiLineString|Polygon,393,1,ready,,
output/open_spaces_osm/parquet/delhi/open_space_master.parquet,open_space_master.parquet,delhi,open_spaces,open_spaces,osm,PARQUET,2.062405,EPSG:4326,LineString|MultiLineString|MultiPolygon|Point|Polygon,15737,1,ready,,
output/open_spaces_osm/parquet/delhi/other_open_landuse.parquet,other_open_landuse.parquet,delhi,open_spaces,open_spaces,osm,PARQUET,0.296855,EPSG:4326,MultiPolygon|Point|Polygon,2631,1,ready,,
output/open_spaces_osm/parquet/delhi/plazas_open_paved.parquet,plazas_open_paved.parquet,delhi,open_spaces,open_spaces,osm,PARQUET,0.056771,EPSG:4326,Polygon,129,1,ready,,
output/open_spaces_osm/parquet/delhi/sports_play_open.parquet,sports_play_open.parquet,delhi,open_spaces,open_spaces,osm,PARQUET,0.176898,EPSG:4326,LineString|MultiLineString|Point|Polygon,1239,1,ready,,
output/open_spaces_osm/parquet/delhi/trees.parquet,trees.parquet,delhi,open_spaces,open_spaces,osm,PARQUET,0.096475,EPSG:4326,Point,3173,1,ready,,
output/open_spaces_osm/parquet/delhi/water_wetlands.parquet,water_wetlands.parquet,delhi,open_spaces,open_spaces,osm,PARQUET,0.454285,EPSG:4326,LineString|MultiPolygon|Polygon,1621,1,ready,,
output/open_spaces_osm/parquet/delhi/waterways_linear.parquet,waterways_linear.parquet,delhi,open_spaces,open_spaces,osm,PARQUET,0.170539,EPSG:4326,LineString|MultiLineString,1065,1,ready,,
output/open_spaces_osm/parquet/kolkata/coastal_marine_edges.parquet,coastal_marine_edges.parquet,kolkata,open_spaces,open_spaces,osm,PARQUET,0.029004,EPSG:4326,LineString Z|Polygon Z,20,1,ready,,
output/open_spaces_osm/parquet/kolkata/green_parks_vegetation.parquet,green_parks_vegetation.parquet,kolkata,open_spaces,open_spaces,osm,PARQUET,0.142868,EPSG:4326,LineString Z|MultiPolygon Z|Point|Polygon Z,585,1,ready,,
output/open_spaces_osm/parquet/kolkata/open_barren_sands_rocky.parquet,open_barren_sands_rocky.parquet,kolkata,open_spaces,open_spaces,osm,PARQUET,0.030718,EPSG:4326,LineString Z|Polygon Z,29,1,ready,,
output/open_spaces_osm/parquet/kolkata/open_space_master.parquet,open_space_master.parquet,kolkata,open_spaces,open_spaces,osm,PARQUET,0.600325,EPSG:4326,LineString Z|MultiLineString Z|MultiPolygon Z|Point|Polygon Z,2777,1,ready,,
output/open_spaces_osm/parquet/kolkata/other_open_landuse.parquet,other_open_landuse.parquet,kolkata,open_spaces,open_spaces,osm,PARQUET,0.120944,EPSG:4326,MultiPolygon Z|Point|Polygon Z,326,1,ready,,
output/open_spaces_osm/parquet/kolkata/plazas_open_paved.parquet,plazas_open_paved.parquet,kolkata,open_spaces,open_spaces,osm,PARQUET,0.030015,EPSG:4326,MultiPolygon Z|Polygon Z,20,1,ready,,
output/open_spaces_osm/parquet/kolkata/sports_play_open.parquet,sports_play_open.parquet,kolkata,open_spaces,open_spaces,osm,PARQUET,0.0574,EPSG:4326,LineString Z|Point|Polygon Z,172,1,ready,,
output/open_spaces_osm/parquet/kolkata/trees.parquet,trees.parquet,kolkata,open_spaces,open_spaces,osm,PARQUET,0.03305,EPSG:4326,Point,406,1,ready,,
output/open_spaces_osm/parquet/kolkata/water_wetlands.parquet,water_wetlands.parquet,kolkata,open_spaces,open_spaces,osm,PARQUET,0.346715,EPSG:4326,LineString Z|MultiPolygon Z|Point|Polygon Z,1237,1,ready,,
output/open_spaces_osm/parquet/kolkata/waterways_linear.parquet,waterways_linear.parquet,kolkata,open_spaces,open_spaces,osm,PARQUET,0.050524,EPSG:4326,LineString Z|MultiLineString Z,82,1,ready,,
output/open_spaces_osm/parquet/mumbai/coastal_marine_edges.parquet,coastal_marine_edges.parquet,mumbai,open_spaces,open_spaces,osm,PARQUET,0.063625,EPSG:4326,LineString|MultiLineString|Polygon,83,1,ready,,
output/open_spaces_osm/parquet/mumbai/green_parks_vegetation.parquet,green_parks_vegetation.parquet,mumbai,open_spaces,open_spaces,osm,PARQUET,0.554967,EPSG:4326,LineString|MultiPolygon|Point|Polygon,2520,1,ready,,
output/open_spaces_osm/parquet/mumbai/open_barren_sands_rocky.parquet,open_barren_sands_rocky.parquet,mumbai,open_spaces,open_spaces,osm,PARQUET,0.113725,EPSG:4326,LineString|MultiPolygon|Point|Polygon,505,1,ready,,
output/open_spaces_osm/parquet/mumbai/open_space_master.parquet,open_space_master.parquet,mumbai,open_spaces,open_spaces,osm,PARQUET,1.411332,EPSG:4326,LineString|MultiLineString|MultiPolygon|Point|Polygon,10425,1,ready,,
output/open_spaces_osm/parquet/mumbai/other_open_landuse.parquet,other_open_landuse.parquet,mumbai,open_spaces,open_spaces,osm,PARQUET,0.175006,EPSG:4326,MultiPolygon|Point|Polygon,611,1,ready,,
output/open_spaces_osm/parquet/mumbai/plazas_open_paved.parquet,plazas_open_paved.parquet,mumbai,open_spaces,open_spaces,osm,PARQUET,0.043945,EPSG:4326,Polygon,99,1,ready,,
output/open_spaces_osm/parquet/mumbai/sports_play_open.parquet,sports_play_open.parquet,mumbai,open_spaces,open_spaces,osm,PARQUET,0.147853,EPSG:4326,LineString|MultiPolygon|Point|Polygon,1018,1,ready,,
output/open_spaces_osm/parquet/mumbai/trees.parquet,trees.parquet,mumbai,open_spaces,open_spaces,osm,PARQUET,0.145934,EPSG:4326,Point,5093,1,ready,,
output/open_spaces_osm/parquet/mumbai/water_wetlands.parquet,water_wetlands.parquet,mumbai,open_spaces,open_spaces,osm,PARQUET,0.364525,EPSG:4326,LineString|MultiPolygon|Point|Polygon,553,1,ready,,
output/open_spaces_osm/parquet/mumbai/waterways_linear.parquet,waterways_linear.parquet,mumbai,open_spaces,open_spaces,osm,PARQUET,0.137359,EPSG:4326,LineString|MultiLineString,679,1,ready,,
output/sub_dist_bound/.DS_Store,.DS_Store,none,admin_subdistrict,subdistrict_boundary,admin_boundary_pipeline,NOEXT,0.009769,n/a,n/a,0,0,auxiliary,cosmetic_system_file,
output/sub_dist_bound/ahd_subd_bound/ahd_subd_bound.cpg,ahd_subd_bound.cpg,ahmedabad,admin_subdistrict,subdistrict_boundary,admin_boundary_pipeline,CPG,5e-06,n/a,n/a,0,0,auxiliary,,
output/sub_dist_bound/ahd_subd_bound/ahd_subd_bound.dbf,ahd_subd_bound.dbf,ahmedabad,admin_subdistrict,subdistrict_boundary,admin_boundary_pipeline,DBF,0.001369,n/a,n/a,0,0,auxiliary,,
output/sub_dist_bound/ahd_subd_bound/ahd_subd_bound.prj,ahd_subd_bound.prj,ahmedabad,admin_subdistrict,subdistrict_boundary,admin_boundary_pipeline,PRJ,0.000433,n/a,n/a,0,0,auxiliary,,
output/sub_dist_bound/ahd_subd_bound/ahd_subd_bound.qmd,ahd_subd_bound.qmd,ahmedabad,admin_subdistrict,subdistrict_boundary,admin_boundary_pipeline,QMD,0.002239,n/a,n/a,0,0,auxiliary,,
output/sub_dist_bound/ahd_subd_bound/ahd_subd_bound.shp,ahd_subd_bound.shp,ahmedabad,admin_subdistrict,subdistrict_boundary,admin_boundary_pipeline,SHP,0.075863,LCC_WGS84 (projected),Polygon,2,1,ready,non_wgs84_crs,
output/sub_dist_bound/ahd_subd_bound/ahd_subd_bound.shx,ahd_subd_bound.shx,ahmedabad,admin_subdistrict,subdistrict_boundary,admin_boundary_pipeline,SHX,0.000111,n/a,n/a,0,0,auxiliary,,
output/sub_dist_bound/beng(u)_subd_bound/beng(u)_subd_bound.cpg,beng(u)_subd_bound.cpg,bengaluru,admin_subdistrict,subdistrict_boundary,admin_boundary_pipeline,CPG,5e-06,n/a,n/a,0,0,auxiliary,,
output/sub_dist_bound/beng(u)_subd_bound/beng(u)_subd_bound.dbf,beng(u)_subd_bound.dbf,bengaluru,admin_subdistrict,subdistrict_boundary,admin_boundary_pipeline,DBF,0.003311,n/a,n/a,0,0,auxiliary,,
output/sub_dist_bound/beng(u)_subd_bound/beng(u)_subd_bound.prj,beng(u)_subd_bound.prj,bengaluru,admin_subdistrict,subdistrict_boundary,admin_boundary_pipeline,PRJ,0.000433,n/a,n/a,0,0,auxiliary,,
output/sub_dist_bound/beng(u)_subd_bound/beng(u)_subd_bound.qmd,beng(u)_subd_bound.qmd,bengaluru,admin_subdistrict,subdistrict_boundary,admin_boundary_pipeline,QMD,0.002239,n/a,n/a,0,0,auxiliary,,
output/sub_dist_bound/beng(u)_subd_bound/beng(u)_subd_bound.shp,beng(u)_subd_bound.shp,bengaluru,admin_subdistrict,subdistrict_boundary,admin_boundary_pipeline,SHP,0.296429,LCC_WGS84 (projected),Polygon,6,1,ready,non_wgs84_crs,
output/sub_dist_bound/beng(u)_subd_bound/beng(u)_subd_bound.shx,beng(u)_subd_bound.shx,bengaluru,admin_subdistrict,subdistrict_boundary,admin_boundary_pipeline,SHX,0.000141,n/a,n/a,0,0,auxiliary,,
output/sub_dist_bound/canonical_epsg4326/ahmedabad_subdist_bound.gpkg,ahmedabad_subdist_bound.gpkg,ahmedabad,admin_subdistrict,subdistrict_boundary_canonical,admin_boundary_pipeline,GPKG,0.175781,EPSG:4326,Polygon,2,1,ready,,
output/sub_dist_bound/canonical_epsg4326/bengaluru_subdist_bound.gpkg,bengaluru_subdist_bound.gpkg,bengaluru,admin_subdistrict,subdistrict_boundary_canonical,admin_boundary_pipeline,GPKG,0.402344,EPSG:4326,Polygon,6,1,ready,,
output/sub_dist_bound/canonical_epsg4326/chandigarh_subdist_bound.gpkg,chandigarh_subdist_bound.gpkg,chandigarh,admin_subdistrict,subdistrict_boundary_canonical,admin_boundary_pipeline,GPKG,0.136719,EPSG:4326,Polygon,1,1,ready,,
output/sub_dist_bound/canonical_epsg4326/chennai_subdist_bound.gpkg,chennai_subdist_bound.gpkg,chennai,admin_subdistrict,subdistrict_boundary_canonical,admin_boundary_pipeline,GPKG,0.214844,EPSG:4326,Polygon,18,1,ready,,
output/sub_dist_bound/canonical_epsg4326/delhi_subdist_bound.gpkg,delhi_subdist_bound.gpkg,delhi,admin_subdistrict,subdistrict_boundary_canonical,admin_boundary_pipeline,GPKG,0.878906,EPSG:4326,Polygon,34,1,ready,,
output/sub_dist_bound/canonical_epsg4326/kolkata_subdist_bound.gpkg,kolkata_subdist_bound.gpkg,kolkata,admin_subdistrict,subdistrict_boundary_canonical,admin_boundary_pipeline,GPKG,0.121094,EPSG:4326,Polygon,1,1,ready,,
output/sub_dist_bound/canonical_epsg4326/mumbai_subdist_bound.gpkg,mumbai_subdist_bound.gpkg,mumbai,admin_subdistrict,subdistrict_boundary_canonical,admin_boundary_pipeline,GPKG,0.148438,EPSG:4326,Polygon,4,1,ready,,
output/sub_dist_bound/chd_subd_bound/chd_subd_bound.cpg,chd_subd_bound.cpg,chandigarh,admin_subdistrict,subdistrict_boundary,admin_boundary_pipeline,CPG,5e-06,n/a,n/a,0,0,auxiliary,,
output/sub_dist_bound/chd_subd_bound/chd_subd_bound.dbf,chd_subd_bound.dbf,chandigarh,admin_subdistrict,subdistrict_boundary,admin_boundary_pipeline,DBF,0.000884,n/a,n/a,0,0,auxiliary,,
output/sub_dist_bound/chd_subd_bound/chd_subd_bound.prj,chd_subd_bound.prj,chandigarh,admin_subdistrict,subdistrict_boundary,admin_boundary_pipeline,PRJ,0.000433,n/a,n/a,0,0,auxiliary,,
output/sub_dist_bound/chd_subd_bound/chd_subd_bound.qmd,chd_subd_bound.qmd,chandigarh,admin_subdistrict,subdistrict_boundary,admin_boundary_pipeline,QMD,0.002239,n/a,n/a,0,0,auxiliary,,
output/sub_dist_bound/chd_subd_bound/chd_subd_bound.shp,chd_subd_bound.shp,chandigarh,admin_subdistrict,subdistrict_boundary,admin_boundary_pipeline,SHP,0.037655,LCC_WGS84 (projected),Polygon,1,1,ready,non_wgs84_crs,
output/sub_dist_bound/chd_subd_bound/chd_subd_bound.shx,chd_subd_bound.shx,chandigarh,admin_subdistrict,subdistrict_boundary,admin_boundary_pipeline,SHX,0.000103,n/a,n/a,0,0,auxiliary,,
output/sub_dist_bound/chen_subd_bound/chen_subd_bound.cpg,chen_subd_bound.cpg,chennai,admin_subdistrict,subdistrict_boundary,admin_boundary_pipeline,CPG,5e-06,n/a,n/a,0,0,auxiliary,,
output/sub_dist_bound/chen_subd_bound/chen_subd_bound.dbf,chen_subd_bound.dbf,chennai,admin_subdistrict,subdistrict_boundary,admin_boundary_pipeline,DBF,0.009136,n/a,n/a,0,0,auxiliary,,
output/sub_dist_bound/chen_subd_bound/chen_subd_bound.prj,chen_subd_bound.prj,chennai,admin_subdistrict,subdistrict_boundary,admin_boundary_pipeline,PRJ,0.000433,n/a,n/a,0,0,auxiliary,,
output/sub_dist_bound/chen_subd_bound/chen_subd_bound.qmd,chen_subd_bound.qmd,chennai,admin_subdistrict,subdistrict_boundary,admin_boundary_pipeline,QMD,0.002239,n/a,n/a,0,0,auxiliary,,
output/sub_dist_bound/chen_subd_bound/chen_subd_bound.shp,chen_subd_bound.shp,chennai,admin_subdistrict,subdistrict_boundary,admin_boundary_pipeline,SHP,0.094032,LCC_WGS84 (projected),Polygon,18,1,ready,non_wgs84_crs,
output/sub_dist_bound/chen_subd_bound/chen_subd_bound.shx,chen_subd_bound.shx,chennai,admin_subdistrict,subdistrict_boundary,admin_boundary_pipeline,SHX,0.000233,n/a,n/a,0,0,auxiliary,,
output/sub_dist_bound/del_subd_bound/del_subd_bound.cpg,del_subd_bound.cpg,delhi,admin_subdistrict,subdistrict_boundary,admin_boundary_pipeline,CPG,5e-06,n/a,n/a,0,0,auxiliary,,
output/sub_dist_bound/del_subd_bound/del_subd_bound.dbf,del_subd_bound.dbf,delhi,admin_subdistrict,subdistrict_boundary,admin_boundary_pipeline,DBF,0.016903,n/a,n/a,0,0,auxiliary,,
output/sub_dist_bound/del_subd_bound/del_subd_bound.prj,del_subd_bound.prj,delhi,admin_subdistrict,subdistrict_boundary,admin_boundary_pipeline,PRJ,0.000433,n/a,n/a,0,0,auxiliary,,
output/sub_dist_bound/del_subd_bound/del_subd_bound.qmd,del_subd_bound.qmd,delhi,admin_subdistrict,subdistrict_boundary,admin_boundary_pipeline,QMD,0.002239,n/a,n/a,0,0,auxiliary,,
output/sub_dist_bound/del_subd_bound/del_subd_bound.shp,del_subd_bound.shp,delhi,admin_subdistrict,subdistrict_boundary,admin_boundary_pipeline,SHP,0.752377,LCC_WGS84 (projected),Polygon,34,1,ready,non_wgs84_crs,
output/sub_dist_bound/del_subd_bound/del_subd_bound.shx,del_subd_bound.shx,delhi,admin_subdistrict,subdistrict_boundary,admin_boundary_pipeline,SHX,0.000355,n/a,n/a,0,0,auxiliary,,
output/sub_dist_bound/kol_subd_bound/.DS_Store,.DS_Store,kolkata,admin_subdistrict,subdistrict_boundary,admin_boundary_pipeline,NOEXT,0.005863,n/a,n/a,0,0,auxiliary,cosmetic_system_file,
output/sub_dist_bound/kol_subd_bound/kol_subd_bound.cpg,kol_subd_bound.cpg,kolkata,admin_subdistrict,subdistrict_boundary,admin_boundary_pipeline,CPG,5e-06,n/a,n/a,0,0,auxiliary,,
output/sub_dist_bound/kol_subd_bound/kol_subd_bound.dbf,kol_subd_bound.dbf,kolkata,admin_subdistrict,subdistrict_boundary,admin_boundary_pipeline,DBF,0.000884,n/a,n/a,0,0,auxiliary,,
output/sub_dist_bound/kol_subd_bound/kol_subd_bound.prj,kol_subd_bound.prj,kolkata,admin_subdistrict,subdistrict_boundary,admin_boundary_pipeline,PRJ,0.000433,n/a,n/a,0,0,auxiliary,,
output/sub_dist_bound/kol_subd_bound/kol_subd_bound.qmd,kol_subd_bound.qmd,kolkata,admin_subdistrict,subdistrict_boundary,admin_boundary_pipeline,QMD,0.002239,n/a,n/a,0,0,auxiliary,,
output/sub_dist_bound/kol_subd_bound/kol_subd_bound.shp,kol_subd_bound.shp,kolkata,admin_subdistrict,subdistrict_boundary,admin_boundary_pipeline,SHP,0.021297,LCC_WGS84 (projected),Polygon,1,1,ready,non_wgs84_crs,
output/sub_dist_bound/kol_subd_bound/kol_subd_bound.shx,kol_subd_bound.shx,kolkata,admin_subdistrict,subdistrict_boundary,admin_boundary_pipeline,SHX,0.000103,n/a,n/a,0,0,auxiliary,,
output/sub_dist_bound/mum_subd_bound/mumb_subd_bound.cpg,mumb_subd_bound.cpg,mumbai,admin_subdistrict,subdistrict_boundary,admin_boundary_pipeline,CPG,5e-06,n/a,n/a,0,0,auxiliary,,
output/sub_dist_bound/mum_subd_bound/mumb_subd_bound.dbf,mumb_subd_bound.dbf,mumbai,admin_subdistrict,subdistrict_boundary,admin_boundary_pipeline,DBF,0.00234,n/a,n/a,0,0,auxiliary,,
output/sub_dist_bound/mum_subd_bound/mumb_subd_bound.prj,mumb_subd_bound.prj,mumbai,admin_subdistrict,subdistrict_boundary,admin_boundary_pipeline,PRJ,0.000433,n/a,n/a,0,0,auxiliary,,
output/sub_dist_bound/mum_subd_bound/mumb_subd_bound.qmd,mumb_subd_bound.qmd,mumbai,admin_subdistrict,subdistrict_boundary,admin_boundary_pipeline,QMD,0.002239,n/a,n/a,0,0,auxiliary,,
output/sub_dist_bound/mum_subd_bound/mumb_subd_bound.shp,mumb_subd_bound.shp,mumbai,admin_subdistrict,subdistrict_boundary,admin_boundary_pipeline,SHP,0.043282,LCC_WGS84 (projected),Polygon,4,1,ready,non_wgs84_crs,
output/sub_dist_bound/mum_subd_bound/mumb_subd_bound.shx,mumb_subd_bound.shx,mumbai,admin_subdistrict,subdistrict_boundary,admin_boundary_pipeline,SHX,0.000126,n/a,n/a,0,0,auxiliary,,
output/transport_network_osm/.DS_Store,.DS_Store,none,roads_transit,roads,osm,NOEXT,0.005863,n/a,n/a,0,0,auxiliary,cosmetic_system_file,
output/transport_network_osm/gpkg/ahmedabad_transport_network.gpkg,ahmedabad_transport_network.gpkg,ahmedabad,roads_transit,roads,osm,GPKG,27.441406,EPSG:4326,LineString|MultiLineString|Point|Polygon|Unknown,90602,17,needs_review,unknown_geometry_type,
output/transport_network_osm/gpkg/all_cities_transport_network.gpkg,all_cities_transport_network.gpkg,all_cities,roads_transit,roads,osm,GPKG,317.769531,EPSG:4326,MultiLineString Z|MultiPolygon Z|Point|Unknown,980222,16,needs_review,unknown_geometry_type,
output/transport_network_osm/gpkg/bengaluru_transport_network.gpkg,bengaluru_transport_network.gpkg,bengaluru,roads_transit,roads,osm,GPKG,88.460938,EPSG:4326,LineString|MultiLineString|MultiPolygon|Point|Unknown,290481,17,needs_review,unknown_geometry_type,
output/transport_network_osm/gpkg/chandigarh_transport_network.gpkg,chandigarh_transport_network.gpkg,chandigarh,roads_transit,roads,osm,GPKG,7.160156,EPSG:4326,LineString|MultiLineString|MultiPolygon|Point|Unknown,22066,14,needs_review,unknown_geometry_type,
output/transport_network_osm/gpkg/chennai_transport_network.gpkg,chennai_transport_network.gpkg,chennai,roads_transit,roads,osm,GPKG,41.042969,EPSG:4326,MultiLineString Z|MultiPolygon Z|Point|Polygon Z|Unknown,106756,17,needs_review,unknown_geometry_type,
output/transport_network_osm/gpkg/delhi_transport_network.gpkg,delhi_transport_network.gpkg,delhi,roads_transit,roads,osm,GPKG,97.964844,EPSG:4326,MultiLineString|MultiPolygon|Point|Polygon|Unknown,299300,17,needs_review,unknown_geometry_type,
output/transport_network_osm/gpkg/kolkata_transport_network.gpkg,kolkata_transport_network.gpkg,kolkata,roads_transit,roads,osm,GPKG,22.488281,EPSG:4326,MultiLineString Z|MultiPolygon Z|Point|Unknown,52328,17,needs_review,unknown_geometry_type,
output/transport_network_osm/gpkg/mumbai_transport_network.gpkg,mumbai_transport_network.gpkg,mumbai,roads_transit,roads,osm,GPKG,36.492188,EPSG:4326,MultiLineString|MultiPolygon|Point|Unknown,118696,17,needs_review,unknown_geometry_type,
output/transport_network_osm/parquet/.DS_Store,.DS_Store,none,roads_transit,roads,osm,NOEXT,0.009769,n/a,n/a,0,0,auxiliary,cosmetic_system_file,
output/transport_network_osm/parquet/ahmedabad/barriers_traps.parquet,barriers_traps.parquet,ahmedabad,roads_transit,roads,osm,PARQUET,1.049384,EPSG:4326,LineString|MultiLineString|Point|Polygon,18906,1,ready,,
output/transport_network_osm/parquet/ahmedabad/bridges_tunnels_flyovers.parquet,bridges_tunnels_flyovers.parquet,ahmedabad,roads_transit,roads,osm,PARQUET,0.105935,EPSG:4326,LineString|MultiLineString|Point|Polygon,633,1,ready,,
output/transport_network_osm/parquet/ahmedabad/lanes_minor.parquet,lanes_minor.parquet,ahmedabad,roads_transit,roads,osm,PARQUET,0.164499,EPSG:4326,LineString|MultiLineString,1142,1,ready,,
output/transport_network_osm/parquet/ahmedabad/metro_entrances.parquet,metro_entrances.parquet,ahmedabad,roads_transit,transit,osm,PARQUET,0.02735,EPSG:4326,Point,7,1,ready,,
output/transport_network_osm/parquet/ahmedabad/metro_lines.parquet,metro_lines.parquet,ahmedabad,roads_transit,transit,osm,PARQUET,0.06591,EPSG:4326,LineString,176,1,ready,,
output/transport_network_osm/parquet/ahmedabad/metro_stations.parquet,metro_stations.parquet,ahmedabad,roads_transit,transit,osm,PARQUET,0.030992,EPSG:4326,Point|Polygon,33,1,ready,,
output/transport_network_osm/parquet/ahmedabad/public_transport_platforms.parquet,public_transport_platforms.parquet,ahmedabad,roads_transit,transit,osm,PARQUET,0.034449,EPSG:4326,Point|Polygon,77,1,ready,,
output/transport_network_osm/parquet/ahmedabad/public_transport_routes.parquet,public_transport_routes.parquet,ahmedabad,roads_transit,transit,osm,PARQUET,0.024272,EPSG:4326,none,0,1,needs_review,empty_layer,zero_rows_no_geometry
output/transport_network_osm/parquet/ahmedabad/public_transport_shelters.parquet,public_transport_shelters.parquet,ahmedabad,roads_transit,transit,osm,PARQUET,0.030739,EPSG:4326,Point|Polygon,30,1,ready,,
output/transport_network_osm/parquet/ahmedabad/public_transport_stations.parquet,public_transport_stations.parquet,ahmedabad,roads_transit,transit,osm,PARQUET,0.035125,EPSG:4326,Point|Polygon,74,1,ready,,
output/transport_network_osm/parquet/ahmedabad/public_transport_stops.parquet,public_transport_stops.parquet,ahmedabad,roads_transit,transit,osm,PARQUET,0.035338,EPSG:4326,Point,216,1,ready,,
output/transport_network_osm/parquet/ahmedabad/rail_lines.parquet,rail_lines.parquet,ahmedabad,roads_transit,transit,osm,PARQUET,0.107644,EPSG:4326,LineString,430,1,ready,,
output/transport_network_osm/parquet/ahmedabad/rail_stations.parquet,rail_stations.parquet,ahmedabad,roads_transit,transit,osm,PARQUET,0.031594,EPSG:4326,Point|Polygon,49,1,ready,,
output/transport_network_osm/parquet/ahmedabad/roads_major.parquet,roads_major.parquet,ahmedabad,roads_transit,roads,osm,PARQUET,3.638758,EPSG:4326,LineString|MultiLineString,43129,1,ready,,
output/transport_network_osm/parquet/ahmedabad/traffic_controls.parquet,traffic_controls.parquet,ahmedabad,roads_transit,roads,osm,PARQUET,0.053764,EPSG:4326,LineString|Point,345,1,ready,,
output/transport_network_osm/parquet/ahmedabad/walkability_access.parquet,walkability_access.parquet,ahmedabad,roads_transit,roads,osm,PARQUET,1.562721,EPSG:4326,LineString|MultiLineString|Point|Polygon,25306,1,ready,,
output/transport_network_osm/parquet/all_cities/barriers_traps.parquet,barriers_traps.parquet,all_cities,roads_transit,roads,osm,PARQUET,10.394274,EPSG:4326,LineString|LineString Z|MultiLineString|MultiLineString Z|MultiPolygon|Point|Polygon|Polygon Z,157746,1,ready,,
output/transport_network_osm/parquet/all_cities/bridges_tunnels_flyovers.parquet,bridges_tunnels_flyovers.parquet,all_cities,roads_transit,roads,osm,PARQUET,1.280643,EPSG:4326,LineString|LineString Z|MultiLineString|MultiLineString Z|Point|Polygon|Polygon Z,12841,1,ready,,
output/transport_network_osm/parquet/all_cities/lanes_minor.parquet,lanes_minor.parquet,all_cities,roads_transit,roads,osm,PARQUET,3.422319,EPSG:4326,LineString|LineString Z|MultiLineString|MultiLineString Z,38143,1,ready,,
output/transport_network_osm/parquet/all_cities/metro_entrances.parquet,metro_entrances.parquet,all_cities,roads_transit,transit,osm,PARQUET,0.055383,EPSG:4326,Point,837,1,ready,,
output/transport_network_osm/parquet/all_cities/metro_lines.parquet,metro_lines.parquet,all_cities,roads_transit,transit,osm,PARQUET,0.441101,EPSG:4326,LineString|LineString Z|MultiLineString|MultiLineString Z,2421,1,ready,,
output/transport_network_osm/parquet/all_cities/metro_stations.parquet,metro_stations.parquet,all_cities,roads_transit,transit,osm,PARQUET,0.061094,EPSG:4326,Point|Polygon|Polygon Z,493,1,ready,,
output/transport_network_osm/parquet/all_cities/public_transport_platforms.parquet,public_transport_platforms.parquet,all_cities,roads_transit,transit,osm,PARQUET,0.384482,EPSG:4326,LineString|LineString Z|MultiPolygon|Point|Polygon|Polygon Z,8125,1,ready,,
output/transport_network_osm/parquet/all_cities/public_transport_routes.parquet,public_transport_routes.parquet,all_cities,roads_transit,transit,osm,PARQUET,0.006243,EPSG:4326,none,0,1,needs_review,empty_layer,zero_rows_no_geometry
output/transport_network_osm/parquet/all_cities/public_transport_shelters.parquet,public_transport_shelters.parquet,all_cities,roads_transit,transit,osm,PARQUET,0.252052,EPSG:4326,LineString|LineString Z|MultiPolygon Z|Point|Polygon|Polygon Z,4566,1,ready,,
output/transport_network_osm/parquet/all_cities/public_transport_stations.parquet,public_transport_stations.parquet,all_cities,roads_transit,transit,osm,PARQUET,0.116349,EPSG:4326,Point|Polygon|Polygon Z,1142,1,ready,,
output/transport_network_osm/parquet/all_cities/public_transport_stops.parquet,public_transport_stops.parquet,all_cities,roads_transit,transit,osm,PARQUET,0.401586,EPSG:4326,Point,11600,1,ready,,
output/transport_network_osm/parquet/all_cities/rail_lines.parquet,rail_lines.parquet,all_cities,roads_transit,transit,osm,PARQUET,1.179888,EPSG:4326,LineString|LineString Z|MultiLineString|MultiLineString Z,7452,1,ready,,
output/transport_network_osm/parquet/all_cities/rail_stations.parquet,rail_stations.parquet,all_cities,roads_transit,transit,osm,PARQUET,0.076295,EPSG:4326,Point|Polygon|Polygon Z,776,1,ready,,
output/transport_network_osm/parquet/all_cities/roads_major.parquet,roads_major.parquet,all_cities,roads_transit,roads,osm,PARQUET,38.81041,EPSG:4326,LineString|LineString Z|MultiLineString|MultiLineString Z,461678,1,ready,,
output/transport_network_osm/parquet/all_cities/traffic_controls.parquet,traffic_controls.parquet,all_cities,roads_transit,roads,osm,PARQUET,0.689913,EPSG:4326,LineString|LineString Z|MultiLineString|MultiLineString Z|Point|Polygon,17077,1,ready,,
output/transport_network_osm/parquet/all_cities/walkability_access.parquet,walkability_access.parquet,all_cities,roads_transit,roads,osm,PARQUET,18.914818,EPSG:4326,LineString|LineString Z|MultiLineString|MultiLineString Z|MultiPolygon|MultiPolygon Z|Point|Polygon|Polygon Z,254522,1,ready,,
output/transport_network_osm/parquet/bengaluru/barriers_traps.parquet,barriers_traps.parquet,bengaluru,roads_transit,roads,osm,PARQUET,3.054947,EPSG:4326,LineString|MultiLineString|MultiPolygon|Point|Polygon,44581,1,ready,,
output/transport_network_osm/parquet/bengaluru/bridges_tunnels_flyovers.parquet,bridges_tunnels_flyovers.parquet,bengaluru,roads_transit,roads,osm,PARQUET,0.289811,EPSG:4326,LineString|MultiLineString|Point|Polygon,3231,1,ready,,
output/transport_network_osm/parquet/bengaluru/lanes_minor.parquet,lanes_minor.parquet,bengaluru,roads_transit,roads,osm,PARQUET,1.286467,EPSG:4326,LineString|MultiLineString,15717,1,ready,,
output/transport_network_osm/parquet/bengaluru/metro_entrances.parquet,metro_entrances.parquet,bengaluru,roads_transit,transit,osm,PARQUET,0.035553,EPSG:4326,Point,219,1,ready,,
output/transport_network_osm/parquet/bengaluru/metro_lines.parquet,metro_lines.parquet,bengaluru,roads_transit,transit,osm,PARQUET,0.112922,EPSG:4326,LineString,487,1,ready,,
output/transport_network_osm/parquet/bengaluru/metro_stations.parquet,metro_stations.parquet,bengaluru,roads_transit,transit,osm,PARQUET,0.033644,EPSG:4326,Point|Polygon,75,1,ready,,
output/transport_network_osm/parquet/bengaluru/public_transport_platforms.parquet,public_transport_platforms.parquet,bengaluru,roads_transit,transit,osm,PARQUET,0.140109,EPSG:4326,LineString|MultiPolygon|Point|Polygon,2644,1,ready,,
output/transport_network_osm/parquet/bengaluru/public_transport_routes.parquet,public_transport_routes.parquet,bengaluru,roads_transit,transit,osm,PARQUET,0.024272,EPSG:4326,none,0,1,needs_review,empty_layer,zero_rows_no_geometry
output/transport_network_osm/parquet/bengaluru/public_transport_shelters.parquet,public_transport_shelters.parquet,bengaluru,roads_transit,transit,osm,PARQUET,0.102861,EPSG:4326,LineString|Point|Polygon,1540,1,ready,,
output/transport_network_osm/parquet/bengaluru/public_transport_stations.parquet,public_transport_stations.parquet,bengaluru,roads_transit,transit,osm,PARQUET,0.044135,EPSG:4326,Point|Polygon,173,1,ready,,
output/transport_network_osm/parquet/bengaluru/public_transport_stops.parquet,public_transport_stops.parquet,bengaluru,roads_transit,transit,osm,PARQUET,0.170466,EPSG:4326,Point,4585,1,ready,,
output/transport_network_osm/parquet/bengaluru/rail_lines.parquet,rail_lines.parquet,bengaluru,roads_transit,transit,osm,PARQUET,0.235476,EPSG:4326,LineString,1202,1,ready,,
output/transport_network_osm/parquet/bengaluru/rail_stations.parquet,rail_stations.parquet,bengaluru,roads_transit,transit,osm,PARQUET,0.034666,EPSG:4326,Point|Polygon,98,1,ready,,
output/transport_network_osm/parquet/bengaluru/roads_major.parquet,roads_major.parquet,bengaluru,roads_transit,roads,osm,PARQUET,9.72437,EPSG:4326,LineString|MultiLineString,130405,1,ready,,
output/transport_network_osm/parquet/bengaluru/traffic_controls.parquet,traffic_controls.parquet,bengaluru,roads_transit,roads,osm,PARQUET,0.296808,EPSG:4326,LineString|Point|Polygon,8086,1,ready,,
output/transport_network_osm/parquet/bengaluru/walkability_access.parquet,walkability_access.parquet,bengaluru,roads_transit,roads,osm,PARQUET,5.947155,EPSG:4326,LineString|MultiLineString|MultiPolygon|Point|Polygon,77325,1,ready,,
output/transport_network_osm/parquet/chandigarh/barriers_traps.parquet,barriers_traps.parquet,chandigarh,roads_transit,roads,osm,PARQUET,0.1476,EPSG:4326,LineString|MultiLineString|Point|Polygon,1803,1,ready,,
output/transport_network_osm/parquet/chandigarh/bridges_tunnels_flyovers.parquet,bridges_tunnels_flyovers.parquet,chandigarh,roads_transit,roads,osm,PARQUET,0.033622,EPSG:4326,LineString,112,1,ready,,
output/transport_network_osm/parquet/chandigarh/lanes_minor.parquet,lanes_minor.parquet,chandigarh,roads_transit,roads,osm,PARQUET,0.12335,EPSG:4326,LineString|MultiLineString,774,1,ready,,
output/transport_network_osm/parquet/chandigarh/metro_entrances.parquet,metro_entrances.parquet,chandigarh,roads_transit,transit,osm,PARQUET,0.024283,EPSG:4326,none,0,1,needs_review,empty_layer,zero_rows_no_geometry
output/transport_network_osm/parquet/chandigarh/metro_lines.parquet,metro_lines.parquet,chandigarh,roads_transit,transit,osm,PARQUET,0.024283,EPSG:4326,none,0,1,needs_review,empty_layer,zero_rows_no_geometry
output/transport_network_osm/parquet/chandigarh/metro_stations.parquet,metro_stations.parquet,chandigarh,roads_transit,transit,osm,PARQUET,0.024283,EPSG:4326,none,0,1,needs_review,empty_layer,zero_rows_no_geometry
output/transport_network_osm/parquet/chandigarh/public_transport_platforms.parquet,public_transport_platforms.parquet,chandigarh,roads_transit,transit,osm,PARQUET,0.030013,EPSG:4326,LineString|Point|Polygon,25,1,ready,,
output/transport_network_osm/parquet/chandigarh/public_transport_routes.parquet,public_transport_routes.parquet,chandigarh,roads_transit,transit,osm,PARQUET,0.024283,EPSG:4326,none,0,1,needs_review,empty_layer,zero_rows_no_geometry
output/transport_network_osm/parquet/chandigarh/public_transport_shelters.parquet,public_transport_shelters.parquet,chandigarh,roads_transit,transit,osm,PARQUET,0.031014,EPSG:4326,LineString|Point|Polygon,36,1,ready,,
output/transport_network_osm/parquet/chandigarh/public_transport_stations.parquet,public_transport_stations.parquet,chandigarh,roads_transit,transit,osm,PARQUET,0.028317,EPSG:4326,Point|Polygon,5,1,ready,,
output/transport_network_osm/parquet/chandigarh/public_transport_stops.parquet,public_transport_stops.parquet,chandigarh,roads_transit,transit,osm,PARQUET,0.028528,EPSG:4326,Point,25,1,ready,,
output/transport_network_osm/parquet/chandigarh/rail_lines.parquet,rail_lines.parquet,chandigarh,roads_transit,transit,osm,PARQUET,0.034554,EPSG:4326,LineString,49,1,ready,,
output/transport_network_osm/parquet/chandigarh/rail_stations.parquet,rail_stations.parquet,chandigarh,roads_transit,transit,osm,PARQUET,0.027523,EPSG:4326,Point,1,1,ready,,
output/transport_network_osm/parquet/chandigarh/roads_major.parquet,roads_major.parquet,chandigarh,roads_transit,roads,osm,PARQUET,0.800131,EPSG:4326,LineString|MultiLineString,10350,1,ready,,
output/transport_network_osm/parquet/chandigarh/traffic_controls.parquet,traffic_controls.parquet,chandigarh,roads_transit,roads,osm,PARQUET,0.063937,EPSG:4326,LineString|Point|Polygon,507,1,ready,,
output/transport_network_osm/parquet/chandigarh/walkability_access.parquet,walkability_access.parquet,chandigarh,roads_transit,roads,osm,PARQUET,0.639256,EPSG:4326,LineString|MultiLineString|Point|Polygon,8351,1,ready,,
output/transport_network_osm/parquet/chennai/barriers_traps.parquet,barriers_traps.parquet,chennai,roads_transit,roads,osm,PARQUET,1.301734,EPSG:4326,LineString Z|MultiLineString Z|Point|Polygon Z,17005,1,ready,,
output/transport_network_osm/parquet/chennai/bridges_tunnels_flyovers.parquet,bridges_tunnels_flyovers.parquet,chennai,roads_transit,roads,osm,PARQUET,0.227508,EPSG:4326,LineString Z|MultiLineString Z|Polygon Z,1419,1,ready,,
output/transport_network_osm/parquet/chennai/lanes_minor.parquet,lanes_minor.parquet,chennai,roads_transit,roads,osm,PARQUET,0.193035,EPSG:4326,LineString Z|MultiLineString Z,1808,1,ready,,
output/transport_network_osm/parquet/chennai/metro_entrances.parquet,metro_entrances.parquet,chennai,roads_transit,transit,osm,PARQUET,0.029002,EPSG:4326,Point,50,1,ready,,
output/transport_network_osm/parquet/chennai/metro_lines.parquet,metro_lines.parquet,chennai,roads_transit,transit,osm,PARQUET,0.066411,EPSG:4326,LineString Z|MultiLineString Z,126,1,ready,,
output/transport_network_osm/parquet/chennai/metro_stations.parquet,metro_stations.parquet,chennai,roads_transit,transit,osm,PARQUET,0.034347,EPSG:4326,Point|Polygon Z,41,1,ready,,
output/transport_network_osm/parquet/chennai/public_transport_platforms.parquet,public_transport_platforms.parquet,chennai,roads_transit,transit,osm,PARQUET,0.069784,EPSG:4326,LineString Z|Point|Polygon Z,868,1,ready,,
output/transport_network_osm/parquet/chennai/public_transport_routes.parquet,public_transport_routes.parquet,chennai,roads_transit,transit,osm,PARQUET,0.024272,EPSG:4326,none,0,1,needs_review,empty_layer,zero_rows_no_geometry
output/transport_network_osm/parquet/chennai/public_transport_shelters.parquet,public_transport_shelters.parquet,chennai,roads_transit,transit,osm,PARQUET,0.046296,EPSG:4326,LineString Z|MultiPolygon Z|Point|Polygon Z,257,1,ready,,
output/transport_network_osm/parquet/chennai/public_transport_stations.parquet,public_transport_stations.parquet,chennai,roads_transit,transit,osm,PARQUET,0.045655,EPSG:4326,Point|Polygon Z,169,1,ready,,
output/transport_network_osm/parquet/chennai/public_transport_stops.parquet,public_transport_stops.parquet,chennai,roads_transit,transit,osm,PARQUET,0.067412,EPSG:4326,Point,1197,1,ready,,
output/transport_network_osm/parquet/chennai/rail_lines.parquet,rail_lines.parquet,chennai,roads_transit,transit,osm,PARQUET,0.194814,EPSG:4326,LineString Z|MultiLineString Z,913,1,ready,,
output/transport_network_osm/parquet/chennai/rail_stations.parquet,rail_stations.parquet,chennai,roads_transit,transit,osm,PARQUET,0.037692,EPSG:4326,Point|Polygon Z,93,1,ready,,
output/transport_network_osm/parquet/chennai/roads_major.parquet,roads_major.parquet,chennai,roads_transit,roads,osm,PARQUET,4.853726,EPSG:4326,LineString Z|MultiLineString Z,57308,1,ready,,
output/transport_network_osm/parquet/chennai/traffic_controls.parquet,traffic_controls.parquet,chennai,roads_transit,roads,osm,PARQUET,0.06123,EPSG:4326,LineString Z|MultiLineString Z|Point,816,1,ready,,
output/transport_network_osm/parquet/chennai/walkability_access.parquet,walkability_access.parquet,chennai,roads_transit,roads,osm,PARQUET,1.949544,EPSG:4326,LineString Z|MultiLineString Z|MultiPolygon Z|Point|Polygon Z,24485,1,ready,,
output/transport_network_osm/parquet/delhi/barriers_traps.parquet,barriers_traps.parquet,delhi,roads_transit,roads,osm,PARQUET,2.891629,EPSG:4326,LineString|MultiLineString|MultiPolygon|Point|Polygon,42949,1,ready,,
output/transport_network_osm/parquet/delhi/bridges_tunnels_flyovers.parquet,bridges_tunnels_flyovers.parquet,delhi,roads_transit,roads,osm,PARQUET,0.408648,EPSG:4326,LineString|MultiLineString|Point|Polygon,4249,1,ready,,
output/transport_network_osm/parquet/delhi/lanes_minor.parquet,lanes_minor.parquet,delhi,roads_transit,roads,osm,PARQUET,1.277773,EPSG:4326,LineString|MultiLineString,12899,1,ready,,
output/transport_network_osm/parquet/delhi/metro_entrances.parquet,metro_entrances.parquet,delhi,roads_transit,transit,osm,PARQUET,0.040277,EPSG:4326,Point,449,1,ready,,
output/transport_network_osm/parquet/delhi/metro_lines.parquet,metro_lines.parquet,delhi,roads_transit,transit,osm,PARQUET,0.216183,EPSG:4326,LineString|MultiLineString,1264,1,ready,,
output/transport_network_osm/parquet/delhi/metro_stations.parquet,metro_stations.parquet,delhi,roads_transit,transit,osm,PARQUET,0.038484,EPSG:4326,Point|Polygon,214,1,ready,,
output/transport_network_osm/parquet/delhi/public_transport_platforms.parquet,public_transport_platforms.parquet,delhi,roads_transit,transit,osm,PARQUET,0.129226,EPSG:4326,LineString|Point|Polygon,2622,1,ready,,
output/transport_network_osm/parquet/delhi/public_transport_routes.parquet,public_transport_routes.parquet,delhi,roads_transit,transit,osm,PARQUET,0.022285,EPSG:4326,none,0,1,needs_review,empty_layer,zero_rows_no_geometry
output/transport_network_osm/parquet/delhi/public_transport_shelters.parquet,public_transport_shelters.parquet,delhi,roads_transit,transit,osm,PARQUET,0.116927,EPSG:4326,LineString|Point|Polygon,1951,1,ready,,
output/transport_network_osm/parquet/delhi/public_transport_stations.parquet,public_transport_stations.parquet,delhi,roads_transit,transit,osm,PARQUET,0.049258,EPSG:4326,Point|Polygon,331,1,ready,,
output/transport_network_osm/parquet/delhi/public_transport_stops.parquet,public_transport_stops.parquet,delhi,roads_transit,transit,osm,PARQUET,0.122417,EPSG:4326,Point,3025,1,ready,,
output/transport_network_osm/parquet/delhi/rail_lines.parquet,rail_lines.parquet,delhi,roads_transit,transit,osm,PARQUET,0.372375,EPSG:4326,LineString|MultiLineString,2559,1,ready,,
output/transport_network_osm/parquet/delhi/rail_stations.parquet,rail_stations.parquet,delhi,roads_transit,transit,osm,PARQUET,0.041415,EPSG:4326,Point|Polygon,269,1,ready,,
output/transport_network_osm/parquet/delhi/roads_major.parquet,roads_major.parquet,delhi,roads_transit,roads,osm,PARQUET,13.318679,EPSG:4326,LineString|MultiLineString,146648,1,ready,,
output/transport_network_osm/parquet/delhi/traffic_controls.parquet,traffic_controls.parquet,delhi,roads_transit,roads,osm,PARQUET,0.213831,EPSG:4326,LineString|MultiLineString|Point|Polygon,4389,1,ready,,
output/transport_network_osm/parquet/delhi/walkability_access.parquet,walkability_access.parquet,delhi,roads_transit,roads,osm,PARQUET,5.886768,EPSG:4326,LineString|MultiLineString|Point|Polygon,75230,1,ready,,
output/transport_network_osm/parquet/kolkata/barriers_traps.parquet,barriers_traps.parquet,kolkata,roads_transit,roads,osm,PARQUET,0.404634,EPSG:4326,LineString Z|MultiLineString Z|Point|Polygon Z,5710,1,ready,,
output/transport_network_osm/parquet/kolkata/bridges_tunnels_flyovers.parquet,bridges_tunnels_flyovers.parquet,kolkata,roads_transit,roads,osm,PARQUET,0.110483,EPSG:4326,LineString Z|MultiLineString Z|Polygon Z,689,1,ready,,
output/transport_network_osm/parquet/kolkata/lanes_minor.parquet,lanes_minor.parquet,kolkata,roads_transit,roads,osm,PARQUET,0.096485,EPSG:4326,LineString Z|MultiLineString Z,746,1,ready,,
output/transport_network_osm/parquet/kolkata/metro_entrances.parquet,metro_entrances.parquet,kolkata,roads_transit,transit,osm,PARQUET,0.028798,EPSG:4326,Point,50,1,ready,,
output/transport_network_osm/parquet/kolkata/metro_lines.parquet,metro_lines.parquet,kolkata,roads_transit,transit,osm,PARQUET,0.051721,EPSG:4326,LineString Z|MultiLineString Z,71,1,ready,,
output/transport_network_osm/parquet/kolkata/metro_stations.parquet,metro_stations.parquet,kolkata,roads_transit,transit,osm,PARQUET,0.030443,EPSG:4326,Point|Polygon Z,44,1,ready,,
output/transport_network_osm/parquet/kolkata/public_transport_platforms.parquet,public_transport_platforms.parquet,kolkata,roads_transit,transit,osm,PARQUET,0.043274,EPSG:4326,LineString Z|Point|Polygon Z,277,1,ready,,
output/transport_network_osm/parquet/kolkata/public_transport_routes.parquet,public_transport_routes.parquet,kolkata,roads_transit,transit,osm,PARQUET,0.024283,EPSG:4326,none,0,1,needs_review,empty_layer,zero_rows_no_geometry
output/transport_network_osm/parquet/kolkata/public_transport_shelters.parquet,public_transport_shelters.parquet,kolkata,roads_transit,transit,osm,PARQUET,0.03437,EPSG:4326,LineString Z|Point|Polygon Z,65,1,ready,,
output/transport_network_osm/parquet/kolkata/public_transport_stations.parquet,public_transport_stations.parquet,kolkata,roads_transit,transit,osm,PARQUET,0.038012,EPSG:4326,Point|Polygon Z,111,1,ready,,
output/transport_network_osm/parquet/kolkata/public_transport_stops.parquet,public_transport_stops.parquet,kolkata,roads_transit,transit,osm,PARQUET,0.043266,EPSG:4326,Point,463,1,ready,,
output/transport_network_osm/parquet/kolkata/rail_lines.parquet,rail_lines.parquet,kolkata,roads_transit,transit,osm,PARQUET,0.146658,EPSG:4326,LineString Z|MultiLineString Z,715,1,ready,,
output/transport_network_osm/parquet/kolkata/rail_stations.parquet,rail_stations.parquet,kolkata,roads_transit,transit,osm,PARQUET,0.035317,EPSG:4326,Point|Polygon Z,106,1,ready,,
output/transport_network_osm/parquet/kolkata/roads_major.parquet,roads_major.parquet,kolkata,roads_transit,roads,osm,PARQUET,3.448322,EPSG:4326,LineString Z|MultiLineString Z,33692,1,ready,,
output/transport_network_osm/parquet/kolkata/traffic_controls.parquet,traffic_controls.parquet,kolkata,roads_transit,roads,osm,PARQUET,0.041492,EPSG:4326,LineString Z|MultiLineString Z|Point,273,1,ready,,
output/transport_network_osm/parquet/kolkata/walkability_access.parquet,walkability_access.parquet,kolkata,roads_transit,roads,osm,PARQUET,0.767655,EPSG:4326,LineString Z|MultiLineString Z|Point|Polygon Z,9174,1,ready,,
output/transport_network_osm/parquet/mumbai/barriers_traps.parquet,barriers_traps.parquet,mumbai,roads_transit,roads,osm,PARQUET,1.884788,EPSG:4326,LineString|MultiLineString|Point|Polygon,26792,1,ready,,
output/transport_network_osm/parquet/mumbai/bridges_tunnels_flyovers.parquet,bridges_tunnels_flyovers.parquet,mumbai,roads_transit,roads,osm,PARQUET,0.288142,EPSG:4326,LineString|MultiLineString|Polygon,2508,1,ready,,
output/transport_network_osm/parquet/mumbai/lanes_minor.parquet,lanes_minor.parquet,mumbai,roads_transit,roads,osm,PARQUET,0.479858,EPSG:4326,LineString|MultiLineString,5057,1,ready,,
output/transport_network_osm/parquet/mumbai/metro_entrances.parquet,metro_entrances.parquet,mumbai,roads_transit,transit,osm,PARQUET,0.029231,EPSG:4326,Point,62,1,ready,,
output/transport_network_osm/parquet/mumbai/metro_lines.parquet,metro_lines.parquet,mumbai,roads_transit,transit,osm,PARQUET,0.083843,EPSG:4326,LineString|MultiLineString,297,1,ready,,
output/transport_network_osm/parquet/mumbai/metro_stations.parquet,metro_stations.parquet,mumbai,roads_transit,transit,osm,PARQUET,0.035182,EPSG:4326,Point|Polygon,86,1,ready,,
output/transport_network_osm/parquet/mumbai/public_transport_platforms.parquet,public_transport_platforms.parquet,mumbai,roads_transit,transit,osm,PARQUET,0.109856,EPSG:4326,LineString|Point|Polygon,1612,1,ready,,
output/transport_network_osm/parquet/mumbai/public_transport_routes.parquet,public_transport_routes.parquet,mumbai,roads_transit,transit,osm,PARQUET,0.024272,EPSG:4326,none,0,1,needs_review,empty_layer,zero_rows_no_geometry
output/transport_network_osm/parquet/mumbai/public_transport_shelters.parquet,public_transport_shelters.parquet,mumbai,roads_transit,transit,osm,PARQUET,0.060627,EPSG:4326,LineString|Point|Polygon,687,1,ready,,
output/transport_network_osm/parquet/mumbai/public_transport_stations.parquet,public_transport_stations.parquet,mumbai,roads_transit,transit,osm,PARQUET,0.048658,EPSG:4326,Point|Polygon,279,1,ready,,
output/transport_network_osm/parquet/mumbai/public_transport_stops.parquet,public_transport_stops.parquet,mumbai,roads_transit,transit,osm,PARQUET,0.09427,EPSG:4326,Point,2089,1,ready,,
output/transport_network_osm/parquet/mumbai/rail_lines.parquet,rail_lines.parquet,mumbai,roads_transit,transit,osm,PARQUET,0.256124,EPSG:4326,LineString|MultiLineString,1584,1,ready,,
output/transport_network_osm/parquet/mumbai/rail_stations.parquet,rail_stations.parquet,mumbai,roads_transit,transit,osm,PARQUET,0.038923,EPSG:4326,Point|Polygon,160,1,ready,,
output/transport_network_osm/parquet/mumbai/roads_major.parquet,roads_major.parquet,mumbai,roads_transit,roads,osm,PARQUET,3.862483,EPSG:4326,LineString|MultiLineString,40146,1,ready,,
output/transport_network_osm/parquet/mumbai/traffic_controls.parquet,traffic_controls.parquet,mumbai,roads_transit,roads,osm,PARQUET,0.118517,EPSG:4326,LineString|Point|Polygon,2661,1,ready,,
output/transport_network_osm/parquet/mumbai/walkability_access.parquet,walkability_access.parquet,mumbai,roads_transit,roads,osm,PARQUET,2.69159,EPSG:4326,LineString|MultiLineString|Point|Polygon,34651,1,ready,,
output/transport_network_osm/transport_manifest.csv,transport_manifest.csv,none,roads_transit,transport_manifest,osm,CSV,0.018173,n/a,table,112,0,helper_manifest,,
output/ward_bound/.DS_Store,.DS_Store,none,wards,ward_source,admin_boundary_pipeline,NOEXT,0.005863,n/a,n/a,0,0,auxiliary,cosmetic_system_file,
output/ward_bound/Bengaluru_wards_GBA.kml,Bengaluru_wards_GBA.kml,bengaluru,wards,ward_source,admin_boundary_pipeline,KML,3.572172,EPSG:4326,Unknown,369,1,needs_review,unknown_geometry_type,
output/ward_bound/ahmadabad_wards_AMC.kml,ahmadabad_wards_AMC.kml,ahmedabad,wards,ward_source,admin_boundary_pipeline,KML,0.280154,EPSG:4326,Unknown,48,1,needs_review,unknown_geometry_type,
output/ward_bound/ahmedabad_wards.geojson,ahmedabad_wards.geojson,ahmedabad,wards,ward_source,admin_boundary_pipeline,GEOJSON,0.332644,EPSG:4326,MultiPolygon,48,1,ready,,
output/ward_bound/bengaluru_wards.geojson,bengaluru_wards.geojson,bengaluru,wards,ward_source,admin_boundary_pipeline,GEOJSON,4.26524,EPSG:4326,MultiPolygon,369,1,ready,,
output/ward_bound/canonical/ahmedabad_wards_canonical.geojson,ahmedabad_wards_canonical.geojson,ahmedabad,wards,ward_canonical,admin_boundary_pipeline,GEOJSON,0.328732,EPSG:4326,MultiPolygon,48,1,ready,,
output/ward_bound/canonical/ahmedabad_wards_canonical.gpkg,ahmedabad_wards_canonical.gpkg,ahmedabad,wards,ward_canonical,admin_boundary_pipeline,GPKG,0.25,EPSG:4326,MultiPolygon,48,1,ready,,
output/ward_bound/canonical/bengaluru_wards_canonical.geojson,bengaluru_wards_canonical.geojson,bengaluru,wards,ward_canonical,admin_boundary_pipeline,GEOJSON,4.09382,EPSG:4326,MultiPolygon,112,1,ready,,
output/ward_bound/canonical/bengaluru_wards_canonical.gpkg,bengaluru_wards_canonical.gpkg,bengaluru,wards,ward_canonical,admin_boundary_pipeline,GPKG,1.730469,EPSG:4326,MultiPolygon,112,1,ready,,
output/ward_bound/canonical/chandigarh_wards_canonical.geojson,chandigarh_wards_canonical.geojson,chandigarh,wards,ward_canonical,admin_boundary_pipeline,GEOJSON,0.05328,EPSG:4326,MultiPolygon,27,1,ready,,
output/ward_bound/canonical/chandigarh_wards_canonical.gpkg,chandigarh_wards_canonical.gpkg,chandigarh,wards,ward_canonical,admin_boundary_pipeline,GPKG,0.117188,EPSG:4326,MultiPolygon,27,1,ready,,
output/ward_bound/canonical/chennai_wards_canonical.geojson,chennai_wards_canonical.geojson,chennai,wards,ward_canonical,admin_boundary_pipeline,GEOJSON,3.282633,EPSG:4326,MultiPolygon Z,200,1,ready,,
output/ward_bound/canonical/chennai_wards_canonical.gpkg,chennai_wards_canonical.gpkg,chennai,wards,ward_canonical,admin_boundary_pipeline,GPKG,1.832031,EPSG:4326,MultiPolygon Z,200,1,ready,,
output/ward_bound/canonical/delhi_wards_canonical.geojson,delhi_wards_canonical.geojson,delhi,wards,ward_canonical,admin_boundary_pipeline,GEOJSON,8.606161,EPSG:4326,MultiPolygon,251,1,ready,,
output/ward_bound/canonical/delhi_wards_canonical.gpkg,delhi_wards_canonical.gpkg,delhi,wards,ward_canonical,admin_boundary_pipeline,GPKG,5.234375,EPSG:4326,MultiPolygon,251,1,ready,,
output/ward_bound/canonical/kolkata_wards_canonical.geojson,kolkata_wards_canonical.geojson,kolkata,wards,ward_canonical,admin_boundary_pipeline,GEOJSON,2.997674,EPSG:4326,MultiPolygon Z,141,1,ready,,
output/ward_bound/canonical/kolkata_wards_canonical.gpkg,kolkata_wards_canonical.gpkg,kolkata,wards,ward_canonical,admin_boundary_pipeline,GPKG,1.683594,EPSG:4326,MultiPolygon Z,141,1,ready,,
output/ward_bound/canonical/mumbai_wards_canonical.geojson,mumbai_wards_canonical.geojson,mumbai,wards,ward_canonical,admin_boundary_pipeline,GEOJSON,0.999923,EPSG:4326,MultiPolygon,24,1,ready,,
output/ward_bound/canonical/mumbai_wards_canonical.gpkg,mumbai_wards_canonical.gpkg,mumbai,wards,ward_canonical,admin_boundary_pipeline,GPKG,0.484375,EPSG:4326,MultiPolygon,24,1,ready,,
output/ward_bound/canonical/ward_canonical_manifest.csv,ward_canonical_manifest.csv,none,wards,ward_canonical,admin_boundary_pipeline,CSV,0.001369,n/a,table,7,0,helper_manifest,,
output/ward_bound/chandigarh_wards.geojson,chandigarh_wards.geojson,chandigarh,wards,ward_source,admin_boundary_pipeline,GEOJSON,0.048563,EPSG:4326,Polygon,28,1,ready,,
output/ward_bound/chennai_wards.geojson,chennai_wards.geojson,chennai,wards,ward_source,admin_boundary_pipeline,GEOJSON,3.270233,EPSG:4326,MultiPolygon Z,200,1,ready,,
output/ward_bound/chennai_wards_GCC.kml,chennai_wards_GCC.kml,chennai,wards,ward_source,admin_boundary_pipeline,KML,2.685428,EPSG:4326,Unknown,200,1,needs_review,unknown_geometry_type,
output/ward_bound/delhi_wards.geojson,delhi_wards.geojson,delhi,wards,ward_source,admin_boundary_pipeline,GEOJSON,8.63621,EPSG:4326,Unknown,253,1,needs_review,unknown_geometry_type,
output/ward_bound/delhi_wards.kml,delhi_wards.kml,delhi,wards,ward_source,admin_boundary_pipeline,KML,6.882811,EPSG:4326,Unknown,253,1,needs_review,unknown_geometry_type,
output/ward_bound/kolkata_wards.geojson,kolkata_wards.geojson,kolkata,wards,ward_source,admin_boundary_pipeline,GEOJSON,2.990777,EPSG:4326,MultiPolygon Z,141,1,ready,,
output/ward_bound/kolkata_wards.kml,kolkata_wards.kml,kolkata,wards,ward_source,admin_boundary_pipeline,KML,2.369449,EPSG:4326,Unknown,141,1,needs_review,unknown_geometry_type,
output/ward_bound/mumbai_wards.geojson,mumbai_wards.geojson,mumbai,wards,ward_source,admin_boundary_pipeline,GEOJSON,0.995767,EPSG:4326,Unknown,24,1,needs_review,unknown_geometry_type,
output/ward_bound/mumbai_wards_bmc.geojson,mumbai_wards_bmc.geojson,mumbai,wards,ward_source,admin_boundary_pipeline,GEOJSON,0.824065,EPSG:4326,Unknown,24,1,needs_review,unknown_geometry_type,
